,요리명
0,찹쌀밥 소프트치즈케익 참치김치찌개 계란후라이 스팸구이 김구이 텐저린
1,잡곡밥 얼큰어묵국 상추쑥갓겉절이 돈육고추장오븐구이 배추김치 귤 꿀설기
2,스팸마요덮밥 바나나미니도넛 유부된장국 포도발효초음료
3,찹쌀밥 브라우니 애호박고추장찌개 상추부추겉절이 김치 돼지불고기 프로바이오틱
4,현미밥 두부김치국 양상추샐러드 치즈돈까스 감자튀김 배추김치 요구르트
5,찹쌀밥 들깨감자수제비 등뼈사태찜 어묵매콤볶음 깍두기 요구르트
6,찹쌀밥 붕어빵 쇠고기미역국 연두부찜 양념장 야채소시지 케첩 배추김치 귤
7,기장밥 등뼈감자탕 매콤콩나물무침 고소참치야채전 어묵메추리알장조림 배추김치 사과
8,찹쌀밥 얼큰콩나물국 무생채 옛날소세지전 오지치즈후라이 총각김치
9,찹쌀밥 초코칩 트위스트 두부김치국 깻잎양념찜 제육고추장볶음 텐저린
10,한그릇어묵우동 밥 파래돌김자반 라비올리만두 배추김치 유기농요구르트
11,찹쌀밥 쫄면야채무침 호박두부된장국 왕돈까스 백김치 고칼슘지방제로 플레인요구르트
12,찹쌀밥 쇠고기무국 매운돼지갈비찜 파래돌김자반 피칸파이 프로바이오틱
13,김치볶음밥 계란파국 깐풍기 총각김치 더블업요구르트
14,찹쌀밥 북어무채국 제육볶음 배추겉절이 플레오요구르트 깻잎쌈 쌈장
15,찹쌀밥 핫케이크 시금치콩나물국 닭살고추장볶음 마른김구이와 양념장 더블업 요구르트
16,찹쌀밥 소면설렁탕 비엔나메추리알조림 깻잎양념찜 김치전 귤
17,찹쌀밥 아욱된장국 호박느타리볶음 동그랑땡전 석박지 딸기요플레
18,찹쌀밥 감자고추장찌개 근대나물 김치 베이컨채소구이 유기농요구르트 에그타르트
19,찹쌀밥 팽이버섯된장국 참나물무생채 닭떡볶이 고추잡채김말이 배추김치
20,떡갈비볶음밥 시금치콩나물국 멸치고추장볶음 고감콘크로켓 열무김치
21,찹쌀밥 쇠고기당면국 연두부계란찜 제육구이 브라우니 텐저린
22,콩나물밥 양념장 들깨무채국 야채튀김 배추김치 골드키위쥬스
23,찹쌀밥 도토리수제비 영양갈비찜 얼갈이된장나물 청포묵김무침 석박지
24,찹쌀밥 소프트치즈케익 순두부김치국 계란후라이 스팸구이 김구이 엔요
25,자장잡채밥 부추계란국 만두탕수 배추김치 엔요
26,찹쌀밥 들기름바사삭김 청국장 소면야채무침 언양식바싹불고기 깍두기
27,찹쌀밥 감자수제비국 미역줄기볶음 두반장불닭볶음 감귤쥬스 아몬드파이
28,치킨마요덮밥 얼큰콩나물국 사과무생채 귤 핫도그 케첩
29,찹쌀밥 동태찌개 닭떡볶이 허브잡채말이 배추김치
30,죽 돈육장조림 파래돌김자반 배추김치 우유 시리얼 첵스
31,잔치국수 밥 배추김치 엔요 아몬드파이
32,찹쌀밥 시금치된장국 달걀꽈리고추장조림 사과무생채 미트소스스파게티 배추김치
33,찹쌀밥 떡만두국 김치돼지갈비찜 아몬드호두김자반 딸기우유 모닝빵 딸기잼
34,찹쌀밥 부대찌개 상추쑥갓겉절이 메추리알장조림 유기농요구르트 생크림모찌
35,찹쌀밥 얼큰콩나물국 삼치엿장조림 깻잎양념찜 배추김치
36,찹쌀밥 쇠고기무국 감자채볶음 치즈불닭 초코우유 카카오머핀
37,잔치국수 밥 과일샐러드 키위드레싱 꽈리고추멸치볶음 깐풍기 배추김치
38,옥수수계란찜 찹쌀밥 돈육김치찌개 배추나물무침 언양식바싹불고기 석박지
39,찹쌀밥 얼갈이배추된장국 시금치무침 제육구이 우리밀도넛 더블업 
40,찹쌀밥 닭개장 떡볶이 미역줄기볶음 배추김치 파인애플쥬스 순대 김치
41,참치김치덮밥 호박두부된장국 사과무생채 쥬시쿨 라면땅핫도그
42,찹쌀밥 초코칩 트위스트 갈비김치찌개 파래돌김자반 야채계란말이 프로바이오틱
43,자장밥 부추계란국 단무지쪽파무침 김피탕 귤 고구마설기
44,찹쌀밥 북어콩나물국 실곤약비빔면 돼지불고기 백김치 사케이요구르트
45,찹쌀밥 애호박우렁된장국 안동찜닭 김치참치볶음 텐저린 에그타르트
46,찹쌀밥 얼큰어묵국 상추쑥갓겉절이 제육김치볶음 고추장떡 깍두기
47,찹쌀밥 근대된장국 고추장떡볶이 고추잡채김말이 석박지 부추겉절이
48,찹쌀밥 소프트치즈케익 두부청국장 계란후라이 스팸구이 김구이 배추김치 귤
49,찹쌀밥 미트소스스파게티 잔멸치고추장무침 매콤닭꼬치 총각김치 옥수수스프 마늘빵 
50,찹쌀밥 붕어빵 쇠고기미역국 잔멸치아몬드볶음 비엔나메추리알조림 배추김치 텐저린
51,흑미기장밥 별별브라우니 양상추샐러드 감자튀김 케첩 고구마치즈돈까스 배추김치 옥수수스프
52,찹쌀밥 북어무채국 느티리버섯볶음 당면불고기 플레오요구르트 깻잎쌈 쌈장
53,찹쌀밥 소프트치즈케익 얼큰콩나물국 열무된장무침 치즈불닭 엔요
54,찰보리밥 등뼈감자탕 깻잎양념찜 고추장떡볶이 치킨텐더 머스터드 총각김치
55,찹쌀밥 자장우동 아욱수제비된장국 단무지무침 메추리알감자조림 배추김치
56,찹쌀밥 조랭이떡만두국 근대나물 김치 제육구이 피칸파이 프로바이오틱
57,잔치국수 추가밥 배추김치 귤 바람떡 핫도그케첩
58,찹쌀밥 비빔국수 계란만두국 숙주맛살무침 삼치구이 배추겉절이
59,찹쌀밥 쇠고기당면국 명엽채고추장무침 베이컨채소구이 유기농요구르트 에그타르트
60,김밥 꼬치어묵국 유채나물 배추김치 포도쥬스
61,찹쌀밥 등뼈감자탕 마늘쫑어묵볶음 오리불고기 깻잎쌈 깍두기
62,찹쌀밥 초코칩 트위스트 어묵고추장찌개 상추쑥갓겉절이 버섯제육볶음 귤
63,흑미밥 떡국 김치등뼈사태찜 사과무생채 베이컨감자채볶음 석박지
64,찹쌀밥 버섯들깨탕 중국만두 상추쌈 춘천닭갈비 배추김치
65,찹쌀밥 쇠고기우거지국 오리훈제채소볶음 배추김치 딸기우유 모닝빵 딸기잼
66,카레라이스 붕어빵 두부김치국 카바노치소시지 프로바이오틱
67,찹쌀밥 감자다시마국 매콤콩나물무침 자장떡볶이 스마일감자튀김 배추김치
68,찹쌀밥 어묵김치국 돈육메추리알조림 파래돌김자반 우유 시리얼 후르트링
69,김치볶음밥 순두부김치국 계란후라이 엔요 어묵꼬치
70,찹쌀밥 북어계란국 멘츠카츠 배추김치 레몬에이드 꽃맛살샐러드
71,찹쌀밥 참치김치찌개 안동찜닭 배추나물무침 허니버터갈릭 더블업 요구르트
72,계란밥 찹쌀새알미역국 쌈배추 쌈장 고구마피자 배추김치
73,찹쌀밥 바나나미니도넛 배추된장국 날치알계란말이 배추김치 김소떡
74,찹쌀밥 쇠고기무국 유채나물 두반장불닭볶음 생크림모찌 텐저린
75,흑미밥 꼬치어묵국 쌈배추 쌈장 돼지불고기 오지치즈후라이 배추김치
76,찹쌀밥 시금치콩나물국 돈육메추리알조림 비빔막국수 배추김치
77,찹쌀밥 돈육고추장찌개 쥐취포조림 베이컨채소볶음 에그타르트 포도쥬스
78,현미밥 떡국 셀프베지치킨샌드위치 꽈리고추멸치볶음 배추김치 귤
79,찹쌀밥 감자미역국 두부양념조림 브로콜리 초장 돈육떡강정 배추김치
80,찹쌀밥 북어채달걀국 멸치풋고추조림 야채소시지 케첩 배추김치 콘푸레이크 오레오오즈 우유만쥬
81,참치야채비빔밥 들깨무채국 야채튀김 배추김치 쥬스
82,찹쌀밥 두부콩나물국 건파래무침 스위트콘샐러드 돈까스만두 석박지
83,찹쌀밥 미니크림치즈프레즐 고추장찌개 오리훈제 부추무침 볼어묵조림 프로바이오틱
84,순대국밥 소떡소떡꼬치 부추겉절이 석박지 바나나
85,찹쌀밥 순두부김치국 계란후라이 스팸구이 케첩 애플파이 텐저린
86,쌀밥 잔치국수 밥 파래돌김자반 매콤닭꼬치 배추김치 귤
87,찹쌀밥 바지락미역국 상추쌈 아삭이고추된장무침 꽈리고추멸치볶음 콩나물불고기 배추김치
88,찹쌀밥 아욱콩나물국 진미채오이무침 김치 매콤닭불구이 감귤쥬스 카카오머핀
89,찹쌀밥 등뼈감자탕 과일샐러드 치즈돈까스 배추김치
90,찹쌀밥 순두부김치국 오이깍둑무침 불닭 떡갈비 석박지 쥬시쿨
91,찹쌀밥 배추된장국 오리훈제 부추무침 명엽채엿장볶음 우유 시리얼 첵스
92,찹쌀밥 부대찌개 돈육메추리알조림 상추겉절이 우리밀와플 생크림 과일음료
93,찹쌀밥 팽이버섯된장국 청포묵김무침 삼치데리야끼조림 배추김치
94,찹쌀밥 쇠고기버섯찌개 비타민나물 스팸김치볶음 두부 유기농요구르트 생크림모찌
95,찹쌀밥 감자미역국 매운갈비찜 파프리카잡채 김치 유기농요구르트 피자핫도그
96,찹쌀밥 순두부찌개 안동찜닭 근대나물 오징어김치전 백김치
97,찹쌀밥 조랭이떡만두국 프랑크계란말이 파래김과양념장 모닝빵 딸기잼 텐저린
98,차수수밥 순두부찌개 안동찜닭 새송이어묵볶음 배추김치 사과
99,찹쌀밥 열무된장국 영양계란찜 깐풍기 배추겉절이
100,찹쌀밥 아욱콩나물국 유채나물 김치 치즈불닭 우리밀도넛 더블업 요구르트
101,찹쌀밥 닭곰탕 깻잎양념찜 비엔나브로콜리볶음 삼치구이 사과
102,찹쌀밥 북어콩나물국 사태떡찜 숙주나물무침 볼어묵볶음 배추김치
103,찹쌀밥 소프트치즈케익 냉이된장국 미역줄기볶음 제육구이 프로바이오틱
104,찹쌀밥 버섯육개장 두부쑥갓무침 닭떡볶이 순대 김치
105,찹쌀밥 삼색수제비국 연근메추리알조림 양배추쌈 쌈장 돼지불고기 깍두기
106,찹쌀밥 쇠고기당면국 새발나물 김치 베이컨채소구이 엔요 후렌치토스트
107,찹쌀밥 두부달래된장찌개 상추겉절이 김치 돈육고추장오븐구이 귤
108,찹쌀밥 오징어무국 오리불고기 깻잎쌈 무말랭이무침 부추전 배추김치
109,찹쌀밥 쇠고기미역국 진미채엿장조림 고구마닭갈비 유기농찰링도너츠 배추김치 세종요구르트
110,치킨마요덮밥 무채맑은국 배추김치 회오리감자 내사랑사과쥬스
111,찹쌀밥 시금치바지락살된장국 돈등뼈김치찜 매실양념깻잎 새송이버섯볶음 화인쿨
112,찹쌀밥 계란만두국 파래돌김자반 김치 제육고추장볶음 딸기우유 모닝빵 딸기잼
113,김치삼겹볶음밥 표고부추계란국 아몬드호두김자반 매콤닭꼬치 배추겉절이 마시는샐러드
114,찹쌀밥 어묵무국 계란장조림 매운미트볼떡볶음 배추김치
115,찹쌀밥 북어콩나물국 아몬드멸치볶음 돈육김치볶음 두부 유기농요구르트 김 우리밀와플 생크림
116,찹쌀밥 닭곰탕 시금치무침 찐왕만두 양념장 석박지 똑똑한시리얼바 과일쥬스
117,찹쌀밥 감자다시마국 고등어무조림 비엔나브로콜리볶음 배추김치 포도발효초음료
118,찹쌀밥 쇠고기무국 건새우고추장볶음 옛날소세지전 텐저린 카카오머핀
119,토스트피자 순대국밥 부추겉절이 석박지 바나나
120,찹쌀밥 얼갈이배추된장국 매운갈비찜 매콤콩나물무침 부추잡채 깍두기
121,찹쌀밥 근대고추장무침 초코칩 트위스트 두부김치국 제육구이 프로바이오틱
122, 무채맑은국 해물우동볶음 카바노치소시지 머스터드 배추김치 쥬시쿨 자두
123,찹쌀밥 두부김치국 코다리무조림 도토리묵야채무침 석박지 요거타임
124,찹쌀밥 생크림카스테라 시금치콩나물국 깻잎양념찜 닭살고추장볶음 더블업 요구르트
125,자반주먹밥 유부된장국 고추장떡볶이 매콤당면김말이 단무지 파인애플쥬스
126,찹쌀밥 아욱된장국 중국만두 사과무생채 고구마닭갈비 배추김치 바나나라떼
127,찹쌀밥 붕어빵 쇠고기무국 김치참치볶음 치즈비엔나떡볶이 감귤쥬스
128,찹쌀밥 북어콩나물국 계란후라이 스팸구이 케첩 배추김치 맛김 바닐라크라운파이 텐저린
129,곡쌀밥 들깨미역국 오리훈제단호박볶음 오징어김치전 배추김치 파인애플 맛김구이 파프리카 아삭고추 땅콩쌈장
130,찹쌀밥 얼큰어묵국 도토리묵김치무침 가자미크런치까스 깍두기 내사랑사과쥬스
131,찹쌀밥 설렁탕 고소김무침 돈육김치볶음 두부 배추김치 콘푸레이크 그래놀라 황금복돼지뚱카롱
132,클로렐라밥 푸실리크림파스타 냉이된장국 하와이언그릴스테이크 딥브라운 배추김치 모닝빵 딸기잼
133,찹쌀밥 들깨감자수제비 상추겉절이 부추잡채 제육볶음 총각김치
134,찹쌀밥 우리쌀돼지바나나링카스테라 조랭이떡만두국 진미채엿장조림 오색현미육원전 허니버터아몬드 사과
135,봄나물비빔밥 유부보쌈꼬치어묵국 오이깍둑무침 후라이드반양념반 배추김치 바나나 대구꿀떡
136,찹쌀밥 순대국밥 마늘쫑어묵볶음 부추전 석박지 그릭요거트
137,찹쌀밥 두부콩나물국 맛살미역줄기볶음 돈육두루치기 배추김치 에그타르트 콘푸레이크 초코첵스
138,녹차카테킨밥 떡국 간장돼지갈비찜 골빔면 황도샐러드 드레싱 깍두기 봄동겉절이
139,찹쌀밥 열무된장국 숙주나물무침 훈제오리샐러드 오지치즈후라이 배추김치
140,찹쌀밥 북어채달걀국 멸치풋고추조림 야채소시지 케첩 배추김치 콘푸레이크 오레오오즈 우유만쥬
141,흑미밥 등뼈우거지국 납작군만두 비빔야채 햄감자채볶음 배추김치 상큼아삭사과
142,찹쌀밥 쫄면야채무침 청국장 삼치엿장조림 상추부추겉절이 배추겉절이
143,찹쌀밥 쇠고기미역국 콩나물무침 고구마닭갈비 바바리안두부도너츠 배추김치 세종요구르트
144,현미밥 떡국 셀프베지치킨샌드위치 꽈리고추멸치볶음 배추김치 귤 쿠키
145,찹쌀밥 계란만두국 제육볶음 열무김치 미니파인애플 깻잎쌈 쌈장
146,찹쌀밥 쿠키스타일 핫케이크 건새우아욱국 콩나물불고기 감자채볶음 깻잎김치 콘푸레이크 스페셜K
147,찹쌀밥 부대찌개 쥐취포조림 미트볼데리야끼볶음 깍두기 요구르트 버터토스트 쨈
148,찹쌀밥 들기름바사삭김 얼큰콩나물국 고추장떡볶이 계란말이 깍두기
149,찹쌀밥 경상도고깃국 건파래무침 계란부추볶음 배추김치 딸기요플레 우리쌀크렌베리
150,기장밥 달래두부된장찌개 스크램블드에그 통통안심통강정 배추김치 상큼아삭사과
151,찹쌀밥 쇠고기육개장 청포묵김무침 돈육떡강정 배추김치 봄동겉절이
152,찹쌀밥 참치김치볶음 건새우아욱된장국 스팸구이 케첩 조미김 고칼슘지방제로 플레인요구르트 몬테디저트
153,토마토펜라이스업쌀밥 부대찌개 라면사리 두부조림 안동찜닭 양배추쌈 케일쌈 젓갈 깍두기 방울토마토
154,찹쌀밥 닭곰탕 양배추쌈 쌈장 오이부추무침 오삼불고기 열무김치
155,찹쌀밥 북어채무국 고구마닭갈비 부들어묵조림 깍두기 플라워파이 골드키위요플레
156,목살필라프 바지락쑥국 미나리오이무침 배추김치 수제치즈피자 바나나
157,찹쌀밥 떡국 오징어야채초무침 통등심돈까스 딸기요플레 총각김치
158,찹쌀밥 유학다녀온참붕어애플페스트리 연두부백탕 상추생채 비엔나떡볶음 배추김치 포도요거트
159,차수수밥 쇠고기미역국 잡채 돈오븐구이 깍두기 파프리카 아삭고추 땅콩쌈장 티라미스 생일축하해!!
160,찹쌀밥 비빔국수 시금치콩나물국 돈육메추리알조림 중국만두 플레오요구르트
161,찹쌀밥 건새우아욱된장국 오리훈제야채무침 파래돌김자반 배추김치 우리밀애플파이 과일쥬스
162,자장밥 오징어짬뽕국 레몬크림깐쇼새우 배추김치 수제과일음료
163,찹쌀밥 아욱된장국 느타리버섯맛살볶음 너비아니조림 배추김치 콘푸레이크 그래놀라 리얼수제딸기머핀
164,할맥밥 얼갈이배추된장국 돼지불고기 상추쌈 배추김치 마카로니콘치즈구이
165,찹쌀밥 삼색수제비국 비엔나메추리알조림 돼지사태김치찜 매콤콩나물무침 깍두기
166,쇠고기감자무국 찹쌀밥 진미채엿장조림 한입돈까스케첩 배추김치 요거타임 유기농초코찰링도넛
167,밤고구마밥 들깨무채국 연두부찜 양념장 닭장각오븐구이 배추김치 바나나
168,찹쌀밥 등뼈감자탕 양배추쌈 쌈장 순대야채볶음 오리훈제단호박볶음 배추김치
169,찹쌀밥 다시마무국 씨앗미트볼조림 무말랭이무침 배추김치 콘푸레이크 초코첵스 프렌치토스트
170,흑미밥 쫄면야채무침 파슬리슈니첼 브라운 깍두기 마늘빵 콘스프 과일쥬스
171,찹쌀밥 소면설렁탕 영양갈비찜 시금치무침 카레감자채볶음 배추겉절이
172,찹쌀밥 사골배추국 볼어묵조림 햄야채계란말이 배추김치 오렌지쥬스 현미시리얼바
173,강황쌀밥 떡국 오리불고기 깻잎쌈 새싹 양상추샐러드 드레싱 저염고등어구이 깍두기
174,찹쌀밥 닭개장 감자고추장조림 언양식바싹불고기 배추김치 봄동겉절이 매실음료
175,찹쌀밥 버터롤케이크 배추된장국 쥐포조림 돼지불고기 배추김치 비피더스
176,참치김치덮밥 북어콩나물국 시금치무침 타코야끼 깍두기 사과
177,찹쌀밥 건새우아욱된장국 비빔막국수 얼갈이된장나물 갈릭왕돈까스 석박지 플레오요구르트
178,찹쌀밥 얼큰콩나물국 돼지불고기 취나물볶음 딸기요플레 마늘빵
179,자반주먹밥 유부된장국 고추장떡볶이 코코넛새우튀김 단무지 파인애플쥬스
180,찹쌀밥 순두부찌개 상추겉절이 맛살미역줄기볶음 돈육버섯불고기 배추김치 미니파인애플
181,찹쌀밥 머핀 버섯된장찌개 닭볶음 베이컨감자채볶음 배추김치 포도 요플레 
182,잔치국수 밥 닭강정 열무김치 팔미어파이 사과C쥬스
183,찹쌀밥 떡국 계란장조림 돌나물무침 탕수육 배추김치
184,찹쌀밥 순두부김치국 미역줄기볶음 김치 불닭볶음 텐저린 우리밀허니카스테라
185,율무밥 민물새우수제비국 잔멸치땅콩조림 크리미어니언치킨 깻잎김치 파프리카샐러드 드레싱
186,찹쌀밥 오징어무국 오리불고기 깻잎쌈 근대나물 도토리묵김치무침 백김치
187,찹쌀밥 얼큰콩나물국 찐만두 양념간장 햄감자채볶음 배추김치 찹쌀모찌 과일쥬스
188,차조밥 호박두부된장국 장조림비빔면 순대깻순볶음 배추김치 컬리플라워 드레싱
189,찹쌀밥 쇠고기우거지국 코다리무조림 비엔나떡케찹조림 취나물볶음 배추김치 비피더스
190,찹쌀밥 미니크림치즈프레즐 고추장찌개 오리훈제 부추무침 볼어묵조림 프로바이오틱
191,차슈덮밥 꽃새우아욱된장국 화끈불어묵꼬치 배추김치 식혜
192,찹쌀밥 자장우동 유부어묵국 꽈리고추멸치볶음 깐풍기 깍두기
193,찹쌀밥 열무된장국 참나물무침 김치 제육구이 우리밀도넛 마시는샐러드
194,율무밥 소면설렁탕 꽁치김치찜 햄야채계란말이 석박지 맛김 바나나
195,참치김치덮밥 냉이된장국 단무지무침 감자튀김 소떡소떡 열무김치
196,찹쌀밥 팽이버섯된장국 쥐포채볶음 치킨데리야끼조림 배추김치 딸기요플레 우리밀와플 생크림
197,율무밥 물만두국 고추장떡볶이 김말이튀김 오징어링 배추김치 요구르트
198,찹쌀밥 오징어볶음 소면 쇠고기버섯찌개 비름나물고추장무침 꽃맛살샐러드 총각김치
199,찹쌀밥 핫케이크 달래두부된장찌개 볼어묵조림 치킨너겟 오렌지드링크
200, 초코칩 트위스트 무채맑은국 해물우동볶음 카바노치소시지 머스터드 배추김치 쥬시쿨 자두
201,찹쌀밥 쇠고기두부국 돼지사태김치찜 계란찜 시금치무침 배추김치
202,죽 밥 돈육꽈리고추장조림 아몬드호두김자반 배추김치 초코우유 밀크프랑스빵
203,김치볶음밥 계란파국 피자소세지빵 아몬드호두김자반 텐저린
204,찹쌀밥 피자바게트 달래두부된장찌개 실곤약비빔면 참나물겉절이 돼지불고기 배추김치
205,찹쌀밥 감자수제비국 진미채볶음 두반장불닭볶음 감귤쥬스 아몬드파이
206,팥밥 배추김치 생일케이크 
207,찹쌀밥 돈육김치찌개 찹스테이크감자조림 탕평채 석박지 뻥이요골드
208,찹쌀밥 롤케잌 애호박고추장찌개 오리훈제야채무침 계란후라이 김 무산김 사과한가득쥬스
209,홍국쌀밥 오만둥이된장찌개 양파간장초절임 돈오븐구이 배추김치 바나나 
210,찹쌀밥 쇠고기당면국 단호박견과류찜 통살새우까스 깍두기 방울토마토
211,찹쌀밥 모카번 두부김치국 파래돌김자반 제육볶음 총각김치 콘푸레이크 그래놀라
212,모듬꼬치어묵국 취나물밥양념간장 맥시칸타코 배추김치 과일쥬스
213,찹쌀밥 꽃게찌개 알감자버터구이 오이부추겉절이 찜닭 배추김치
214,찹쌀밥 초코칩 트위스트 쇠고기무국 계란장조림 연근조림 콘푸레이크 아몬드후레이크 사과
215,클로렐라밥 닭곰탕 양배추쌈 케일쌈 쌈장 황태채소소면무침 쭈꾸미왕만두양념장 깍두기
216,찹쌀밥 떡국 찹쌀콩멸치볶음 치커리들깨소스무침 김치치즈함박스테이크 깍두기
217,오므라이스 케첩 호박두부된장국 배추김치 허니버터아몬드 콘푸레이크 오레오오즈 초코파이
218,홍국쌀밥 등뼈우거지국 검은깨두부조림양념토핑 명란게살치즈카츠 배추김치 쑥떡
219,김밥볶음밥 구운김 조개콩나물국 삶은달걀 떡볶이 배추김치 단무지무침 최고야포도C주스
220,죽 깻잎찜 어묵메추리알장조림 배추김치 딸기요플레 치즈케이크
221,자반주먹밥 한그릇우동 치킨커틀릿머스타드 배추김치 포도쥬스
222,찹쌀밥 새알만두국 토마토소스등갈비구이 발사믹샐러드 석박지 엔요요구르트
223,찹쌀밥 북어콩나물국 쥐취포조림 야채소시지케첩 배추김치 콘푸레이크 초코첵스 우리밀와플 생크림
224,낙지콩나물비빔밥 배추김치 피자핫도그 요구르트
225,삼겹살김치덮밥 팽이버섯된장국 스크램블에그 새우튀김 김가루 깍두기 바나나
226,계란밥 순두부찌개 비엔나야채볶음 배추김치 오렌지쥬스 브라우니케잌
227,찰보리밥 참치김치찌개 파채겉절이 대패불고기 제철 연근튀김 나박김치
228,찹쌀밥 맑은콩나물국 쫄면야채무침 매운통등심돈까스 깍두기 깻잎김치
229,찹쌀밥 쇠고기우거지국 두부굴소스볶음 찐왕만두 배추김치 글레이즈드 과일쥬스
230,율무밥 나주곰탕당면 찰순대허브소금 자반고등어구이양념장 석박지 사과
231,김가루밥 떡국 통곡물뮤즐리멸치볶음 오징어김치전 석박지 허쉬초코우유
232,찹쌀밥 얼큰콩나물국 볼어묵조림 레몬향생선까스 배추김치 바나나우유 초코에끌레어
233,새싹힐링비빔밥 초고추장 강릉초당황태순두부찌개 소떡소떡꼬치 배추김치 요쿠르트 호두과자
234,카레라이스 소프트미니치즈케익 어묵김치국 숙주나물무침 양념닭강정 열무김치
235,찹쌀밥 고구마빅데니쉬 배추된장국 참치야채볶음 스팸구이 케첩 깍두기 콘푸레이크 아몬드후레이크
236,잡곡밥 우렁살아욱된장국 스웨디시미트볼 멸치견과류볶음 배추김치 파인애플
237,찹쌀밥 쇠고기육개장 어묵당면잡채 두부구이 석박지 양념장 청포도
238,찹쌀밥 딸기잼핫케이크 떡국 진미채엿장조림 등갈비조림 배추김치 오렌지쥬스
239,기장밥 버섯들깨탕 해물찜 간장마늘치킨 배추김치 
240,밥 잔치국수 찐옥수수 오징어초무침 배추김치 바나나
241,찹쌀밥 무채맑은국 오리훈제부추무침 배추김치 포도스무디 식빵토스트오렌지쨈
242,자반주먹밥 유부장국 계란떡볶이 매콤당면김말이 배추김치 능금쥬스
243,찹쌀밥 조갯살미역국 상추겉절이 양배추쌈 한돈맥적구이 보쌈김치 두부우렁쌈장
244,찹쌀밥 쇠고기무국 잔멸치깻잎찜 고구마닭갈비 모닝빵딸기잼 콘푸레이크 오레오오즈
245,찹쌀밥 소면설렁탕 참치두부조림 치즈돈까스 석박지 요플레
246,자장덮밥 계란파국 브로콜리오징어초장 배추김치 짜먹는요구르트 꼬물이만두
247,찹쌀밥 버터크로와상 호박된장국 스크램블드에그 케첩 콩나물불고기 배추김치 쵸코우유
248,강황쌀밥 떡국 닭봉윙조림 고소참치야채전 깍두기 
249,찹쌀밥 고추장짬뽕국 연두부찜 김피탕 깍두기 파인애플
250,찹쌀밥 들깨감자수제비 진미채엿장조림 해물완자전 배추김치 쁘띠푸딩 아침 쿠키
251,흑미밥 얼갈이배추된장국 새송이 통마늘구이 수제떡갈비 배추김치 바나나
252,찹쌀밥 콩나물국 멸치견과류볶음 김치볶음 계란후라이 김가루 델리팜햄구이 골드키위주스
253,찹쌀밥 우리밀허니카스테라 팽이버섯된장국 쫄깃만두양념장 파래돌김자반 배추김치 콘푸레이크 아몬드후레이크
254,저염팽이맑은국 고구마떡맛탕☆ 지바치밥 배추김치 오렌지
255,찹쌀밥 맑은아귀탕 닭갈비떡볶음 깍두기 옥수수마요네즈범벅 핫도그 케첩
256,찹쌀밥 떡국 안동찜닭 부들어묵피망볶음 허니버터아몬드 KF비스킷딸기쨈 과일쥬스
257,현미밥 들깨수제비 영양갈비찜 감자햄볶음 배추김치 사과
258,찹쌀밥 콩가루배추국 상추쌈 부추파절이 아삭이고추된장무침 돼지고기구이 보쌈김치 토마토
259, 죽 길거리토스트 쵸코우유 콘푸레이크 스페셜K
260,해물짬뽕 목화솜깐쇼새우 배추김치 오렌지
261,찹쌀밥 카카오붓세 쇠고기미역국 계란장조림 스팸구이 케첩 배추김치 오렌지쥬스
262,홍국쌀밥 시금치바지락살된장국 돈 불고기 옥수수야채전 석박지 사과
263,찹쌀밥 부대찌개 돈육메추리알장조림 맛살미역줄기볶음 깍두기 사과
264,찹쌀밥 닭곰탕 햄감자채볶음 맛살계란말이 코코넛빵 배추김치 매실쥬스
265,흑미밥 무채맑은국 알감자버터구이 수제갈릭치킨스테이크 배추김치 식혜
266,콩나물밥 우렁된장찌개 토마토스파게티 배추김치 바나나 마늘빵
267,찹쌀밥 설렁탕 고소김무침 돈육김치볶음 두부 배추김치 콘푸레이크 그래놀라 딸기마카롱
268,셀프참치마요김밥 모듬꼬치어묵국 매콤달콤떡볶이 수제야채튀김 배추김치 요구르트
269,찹쌀밥 콩비지찌개 삼색나물무침 양념장 파래김자반 언양식바싹불고기 배추김치
270,찹쌀밥 순두부김치국 미역줄기볶음 김치 불닭볶음 텐저린 에그타르트
271,기장밥 춘천막국수 얼큰콩나물국 모듬야채쌈 춘천닭갈비 배추김치 오렌지
272,찹쌀밥 닭곰탕 고구마줄기볶음 오징어볶음 소면 깍두기 바삭김부각
273,찹쌀밥 아욱된장국 너비아니조림 아몬드멸치볶음 배추김치 콘푸레이크 그래놀라 리얼수제딸기머핀
274,클로렐라밥 돈사골국 온두부김치볶음 양송이오믈렛 석박지 
275,한돈불고기덮밥 건새우무국 콩나물무침 고구마맛탕 배추김치 비피더스요구르트
276,찹쌀밥 얼큰콩나물국 쥐취포조림 돼지불고기 배추김치 딸기요플레 프렌치토스트
277,닭다리삼계탕 부추겉절이 석박지 회오리감자시즈닝 과일쥬스
278,찹쌀밥 유부보쌈어묵국 치즈떡 비엔나케첩볶음 애호박전 배추겉절이 골드키위
279,죽 밥 돈육꽈리고추장조림 아몬드호두김자반 배추김치 초코우유 밀크프랑스빵
280,자장면추가밥 부추계란국 꿔바로우탕수육 배추김치 요구르트
281,찹쌀밥 등뼈감자탕 계란찜 궁중떡볶이 석박지 딸기우유
282,찹쌀밥 초코칩 트위스트 쇠고기무국 건새우고추장볶음 옛날소세지전 텐저린
283,후리카케주먹밥 참치김치볶음 햄버거 콘스프 과일쥬스
284,오므라이스 우리밀몽슈슈레인보우롤 우동국물 허브가들어간소시지 배추김치 용가리치킨 머스터드
285,찹쌀밥 얼큰콩나물국 찐만두 양념간장 햄감자채볶음 배추김치 찹쌀모찌 과일쥬스
286,찹쌀밥 두부김치국 과일샐러드 돈오븐구이 깍두기 과일쥬스
287,찹쌀밥 순두부찌개 흑임자연근샐러드 사태떡찜 비빔국수 보쌈김치
288,찹쌀밥 쇠고기버섯찌개 부드러운영양계란찜 아몬드멸치볶음 배추김치 우리밀도넛 마시는샐러드
289,율무밥 민물새우수제비국 잔멸치땅콩조림 수제크리미어니언치킨 깻잎김치
290,햄치즈밥버거 어묵국 크링클컷 카사바칩 케첩 깍두기 오렌지주스 무지개떡
291,찹쌀밥 딸기잼핫케이크 곰탕 오리훈제 부추무침 무산김 석박지 사과한가득쥬스 카카오아몬드
292,흑미밥 과일샐러드 고구마치즈돈까스 깍두기 마늘빵 콘스프
293,쇠고기콩나물밥 순두부찌개 생김구이 소떡소떡꼬치 열무김치 양념장 딸기
294,새우볶음밥 쇠고기우거지국 배추김치 허니버터아몬드 콘푸레이크 오레오오즈 초코파이
295,찹쌀밥 카카오롤케이크 닭다리삼계탕 오징어김치전 부추겉절이 석박지 바나나
296,날치알김치볶음밥 시금치콩나물국된장국 스크램블에그 고구마맛탕 고구마맛탕 나박김치 약과
297,죽 깻잎찜 어묵메추리알장조림 배추김치 딸기요플레 팥빵
298,치킨마요덮밥 콩나물김치국 소떡소떡꼬치 깍두기 텐저린 초코슈
299,현미찹쌀밥 만두국 상추 깻잎쌈 쌈장 한돈고추장불고기 감자채햄볶음 보쌈김치
300,찹쌀밥 북어콩나물국 쥐취포조림 야채소시지케첩 배추김치 콘푸레이크 초코첵스 우리밀와플 생크림
301,자장면 밥 계란파국 탕수육 단무지 파인애플C쥬스 우리밀도넛
302,찹쌀밥 햄부대찌개 탕평채 생선까스 석박지 수제도시락김
303,찹쌀밥 소프트치즈케익 호박된장국 미역줄기볶음 제육구이 프로바이오틱
304,후리카케주먹밥 참치김치볶음 클링클컷감자튀김 케첩 수제소시지핫도그 콘스프 과일쥬스
305,찹쌀밥 떡국 발사믹샐러드 수제함박스테이크 깍두기 파인애플바
306,계란밥 순두부찌개 비고왕교자만두 배추김치 오렌지쥬스 브라우니케잌
307,팥밥 쇠고기미역국 영양갈비찜 양배추샐러드들깨소스 생일잡채 배추김치 조각케이크
308,찹쌀밥 닭곰탕 숙주미나리무침 고구마 크림치즈미트번 김치소 깍두기 바람떡
309,찹쌀밥 닭곰탕 황도샐러드 드레싱 새우까스배추김치 단지 바나나우유 초코에끌레어
310,대패불고기야채덮밥콩나물 꼬치어묵국 대하통마늘구이새송이 양파 나박김치 과일쥬스
311,클로렐라쌀밥 우렁된장찌개 오향장육 아삭이고추된장무침 비빔막국수 보쌈김치 사과
312,찹쌀밥 설렁탕 참치야채볶음 스팸구이 케첩 깍두기 콘푸레이크 그래놀라 크림빵
313,홍국쌀밥 청국장 잔멸치조림고추볶음 수원왕갈비치킨 배추김치 바나나 
314,자장덮밥 미소된장국 오이도라지무침 탕수육 배추김치 아이스슈
315,찹쌀밥 딸기잼핫케이크 떡국 진미채엿장조림 등갈비조림 배추김치 오렌지쥬스
316,클로렐라밥 떡국 양파깻잎간장장아찌 직화떡갈비어린잎 배추김치 파인애플
317,흑미밥 쇠고기미역국 미나리무생채 상추쌈 쌈장 한돈구이 새송이 통마늘구이 보쌈김치
318,찹쌀밥 무채맑은국 오리훈제부추무침 배추김치 포도스무디 식빵토스트오렌지쨈
319,자반주먹밥 유부장국 계란떡볶이 매콤당면김말이 배추김치 능금쥬스
320,찹쌀밥 실곤약비빔면 돈육김치찌개 사태떡찜 열무김치 딸기우유
321,찹쌀밥 쇠고기무국 잔멸치깻잎찜 고구마닭갈비 모닝빵딸기잼 콘푸레이크 오레오오즈
322,김자반 추가밥 돈코츠라멘 고감콘크로켓 배추겉절이 프로바이오틱
323,찹쌀밥 호박고추장찌개 치즈계란찜 영양갈비찜 보쌈김치 최고야포도C주스
324,찹쌀밥 호박된장국 스크램블드에그 케첩 콩나물불고기 배추김치 쵸코우유 딸기맛비스
325,잡곡밥 건새우아욱된장국 비빔막국수계란 고구마닭갈비 나박김치 멜론
326,찹쌀밥 죽 골뱅이채소무침 소면 통등심돈까스 배추김치 자연속의복숭아아이스티
327,찹쌀밥 들깨감자수제비 등갈비조림 배추김치 쁘띠푸딩 건포도감자샐러드 아침 쿠키
328,흑미밥 설렁탕소면 찰순대허브소금 석박지 아이스망고스틱
329,쭈꾸미덮밥 들깨무채국 진미채엿장조림 오꼬노미야끼 열무김치 구슬아이스크림
330,찹쌀밥김가루 우리밀허니카스테라 팽이버섯된장국 팝만두샐러드 배추김치 콘푸레이크 아몬드후레이크
331,버섯영양밥양념간장 닭곰탕 황도샐러드 드레싱 에비야끼 배추김치 단호박설기 마시는레드핑크블라썸
332,하이라이스 계란파국 토마토큐브치즈샐러드 양념치킨 깍두기 과수원사과
333,찹쌀밥 떡국 캐슈넛멸치볶음 안동찜닭 쿠쿠촉촉마카롱 허니버터아몬드 과일쥬스
334,차조밥 들깨수제비 연탄오리불고기파채 새콤달콤무쌈어린잎 배추김치 바나나 
335,찹쌀밥 순대돼지고기국 부추파절이 아삭이고추된장무침 보쌈김치 도시락김
336,김자반밥 쇠고기육개장 쵸코우유 쿠키 길거리토스트
337,흑미밥 참치김치찌개 영양계란찜 망고그린샐러드 마라샹궈 배추김치 방울토마토
338,찹쌀밥 코코번 쇠고기미역국 계란장조림 스팸구이 케첩 배추김치 오렌지쥬스
339,잡곡밥 등뼈우거지국 연두부찜양념장 치킨감자꼬르동블루브라운소스 배추김치 파인애플
340,닭갈비야채비빔밥 피자핫도그 맑은콩나물국 청양초콩나물국 열대과일샐러드 배추김치 꼬들단무지무침
341,찹쌀밥 핑크보스톤 도넛 닭곰탕 햄감자채볶음 맛살계란말이 배추김치 딸기바나나쥬스
342,찰보리밥 우렁살아욱된장국 무채장아찌 상추쌈 아삭이고추 돈오븐구이 배추김치 색방울토마토
343,셀프김밥 우동국물 미트소스스파게티 배추김치 바나나
344,추가밥 죽 오이피클 돈육김치볶음 두부 레몬에이드 오징어먹물고르곤졸라피자
345,잡곡밥 부대찌개 라면사리 로즈마연어스테이크 어니언소스 배추김치 바나나 카프레제치즈샐러드 오리엔탈
346,찹쌀밥 감자수제비국 매운돼지갈비찜 매운돼지갈비찜 파프리카잡채 열무김치 짜먹는요구르트
347,찹쌀밥 순두부김치국 불닭볶음 맛김 텐저린 아몬드 에그타르트
348,고추참치야채비빔밥 팽이맑은국 닭장각오븐구이 배추김치 빼빼로 설레임
349,찹쌀밥 도토리묵국 콩나물무침 부추양파무침 오리훈제구이 머스터드 무쌈 보쌈김치 요구르트
350,찹쌀밥 웰빙찰보리빵 아욱된장국 등갈비김치찜 건새우볶음 배추김치 아침에포도쥬스
351,잔치국수 배추겉절이 회오리핫도그케첩 포카리스웨트 
352,찹쌀밥 쇠고기육개장 쫄면야채무침 통살새우까스 석박지 파인애플
353,찹쌀밥 얼큰콩나물국 쥐취포조림 돼지불고기 배추김치 딸기요플레 프렌치토스트
354,찹쌀밥 고추장찌개 파채무침 후라이드치킨 단무지 파인애플C쥬스 치즈쿠키
355,찹쌀밥 등뼈감자탕 치즈떡 비엔나케첩볶음 계란말이 석박지 아이스블루베리
356,죽 밥 돈육꽈리고추장조림 아몬드호두김자반 배추김치 초코우유 밀크프랑스빵
357,자장면추가밥 부추계란국 꿔바로우탕수육 배추김치 요구르트
358,스팸마요덮밥 건새우아욱된장국 치커리사과무침 떡꼬치 양념장 배추김치 식혜
359,찹쌀밥 초코칩 트위스트 쇠고기무국 건새우고추장볶음 옛날소세지전 텐저린
360,흑미밥 황태순두부찌개 갈비살찹스테이크로스트갈릭소 알감자버터구이 배추김치 식혜
361,찹쌀밥 설렁탕 소면 진미채야채무침 순살가자미카레튀김 석박지 과일푸딩
362,오징어덮밥 북어콩나물국 배추김치 찹쌀모찌 과일쥬스 바게트피자
363,클로렐라밥 경상도식돼지국소면 생땅콩연근조림 치즈불닭 석박지 사과
364,카레라이스 김치콩나물국 깍두기 닭꼬치 카프리제토마토샐러드 올때메로나튜브
365,찹쌀밥 두부김치국 파채겉절이 언양식바싹불고기 우리밀빵 총각김치 콘푸레이크 그래놀라
366,야채쫄면 조랭이떡만두국 매콤달콤떡볶이 잡채말이튀김 배추김치 요구르트
367,삼색소보로덮밥 쇠고기무국 열무김치 파인애플 회오리감자 모닝빵 딸기쨈
368,찹쌀밥 쇠고기육개장 황도샐러드 드레싱 닭갈비 배추김치 감귤쥬스 아몬드파이
369,강황쌀밥 얼큰콩나물국 고소참치야채전 대패불고기 깍두기 
370,흑미밥 쇠고기미역국 양배추쌈 쌈장 양파절임 콩나물불고기 보쌈김치 오렌지
371,찹쌀밥 뮤즐리잔멸치볶음 콘푸레이크 스페셜K 누룽지 아침에샌드위치
372,찹쌀밥 고구마 파이 감자수제비국 진미채볶음 두반장불닭볶음 감귤쥬스
373,자반주먹밥 유부장국 누들밀떡볶이 배추김치 삶은계란 능금쥬스 핫도그
374,쇠고기당면국 마파두부덮밥 찐옥수수 도라지채강정 배추김치 참외
375,새우볶음밥 쇠고기우거지국 배추김치 치즈케이크 콘푸레이크 오레오오즈
376,치킨마요덮밥 아이스왕슈 콩나물김치국 소떡소떡꼬치 깍두기 텐저린
377,흑미밥 꽃게찌개 비엔나미트볼조림 치즈계란말이 베이컨포테이토사각피자 석박지
378,찹쌀밥 황태순두부찌개 고구마건포도샐러드 배추김치 아침에포도쥬스 초코모찌롤 미트번
379,잡곡밥 찹쌀새알미역국 비름나물무침 부추잡채 수제간장파닭 조각케이크
380,찹쌀밥 등뼈감자탕 스팸알감자버터구이 순대야채볶음 석박지 조각파인애플
381,찹쌀밥 황도샐러드드레싱 돈카츠 과일쥬스 옥수수스프마늘빵 
382,흑미밥 부대찌개라면사리 청포묵김무침 메밀김치전병동그랑땡 열무김치 식혜 수리취떡
383,충무김밥 떡국 충무식오징어초무침 통곡물뮤즐리멸치볶음 석박지 청포도후레쉬
384,추가밥 죽 감자사라다샌드위치 스크램블드에그 허니버터아몬드 쵸코우유
385,장어덮밥김가루계란 팽이미소장국 카바노치소시지머스타드 배추김치 수제편생강 아이스크림
386,삼겹살김치볶음밥 건새우아욱된장국 케이준치킨샐러드 깍두기 요구르트 모닝빵 딸기쨈
387,찹쌀밥 북어콩나물국 쥐취포조림 야채소시지케첩 배추김치 콘푸레이크 그래놀라 초코에끌레어
388,급식소`s터치버거 참치죽 클링클컷감자튀김케첩 오렌지쥬스
389,찹쌀밥 닭곰탕 토마토소스등갈비구이 고구마츄러스맛탕 배추김치 도시락김
390,찹쌀밥 무채맑은국 오리훈제부추무침 배추김치 포도스무디 식빵토스트오렌지쨈
391,잔치국수 추가밥 새우튀김 배추겉절이 포카리스웨트
392,자장덮밥 고추장짬뽕국 양파장아찌 배추김치 바나나 꼬물이만두 초간장
393,찹쌀밥 쇠고기무국 잔멸치깻잎찜 고구마닭갈비 모닝빵딸기잼 콘푸레이크 오레오오즈
394, 초코칩 트위스트 무채맑은국 해물우동볶음 고감콘크로켓케첩 배추김치 쥬시쿨 자두
395,찹쌀밥 청양초콩나물국 비빔막국수 통살새우까스 배추김치
396,찹쌀밥 무채맑은국 오리훈제부추무침 배추김치 포도스무디 식빵토스트오렌지쨈
397,후리카케주먹밥 바지락칼국수 닭강정 배추김치 내사랑사과쥬스
398,찹쌀밥 쇠고기미역국 연두부찜 양념장 부추파절이 돈육불고기 보쌈김치 쁘띠첼
399,찹쌀밥 참치김치볶음 맑은어묵탕 스팸구이케첩 견과 아침REAL쥬스 모카소보로빵생크림
400,현미밥 과일샐러드 새싹 양상추드레싱 오곡고구마스트링롤카츠브라운 배추김치 요구르트 크림스프마늘빵 
401,제육콩나물비빔밥 계란실파국 연근땅콩조림 궁중떡볶이 깍두기 딸기요플레
402,찹쌀밥김가루 팽이버섯된장국 갈비만두양념장 배추김치 딸기찹쌀아이스찰떡 썬업
403,찰보리밥 설렁탕소면사리 찰순대허브소금 사과무생채 갈치구이 석박지 수박
404,찹쌀밥 우리밀다크스틱케이크 돈육김치찌개 찹스테이크감자조림 탕평채 열무김치
405,찹쌀밥 스폰지케잌 갈비탕 한그릇 후라이드닭꼬치 석박지 초코칩오트밀요쿠르트
406,열무비빔밥 아이스생크림슈 우렁감자된장찌개 고기명란군만두 배추김치
407,찹쌀밥 도토리묵국 돈육폭찹 명엽채볶음 깍두기 막대아이스크림
408,찹쌀밥 쇠고기육개장 메추리알샐러드 랍스터커틀릿 배추김치 얼려먹는요쿠르트 도라에몽암기빵
409,클로렐라밥 들깨감자수제비 수제양파깻잎간장장아찌 캐리비안저크불닭새카사바칩 배추김치 바나나 파프리카 아삭고추 땅콩쌈장
410,하이라이스 김치콩나물국 토마토큐브치즈샐러드 석박지 프렌치토스트 쪽 용가리치킨 머스터드
411,찹쌀밥 죽 웨지감자 깍두기 과일쥬스 치즈피자브리또 바나나
412,비빔면계란 개무초절임 김자반찹쌀밥 콩나물맑은국 상추쌈아삭이고추 육쌈 파인애플
413,찹쌀밥 쇠고기무국 진미마요네즈조림 계란떡볶이 모듬견과 썬업 마카롱 
414,흑미밥 등뼈우거지국 황도샐러드드레싱 마늘쫑잔멸치볶음 그릴치킨스테이크 열무김치 방울토마토
415,불닭마요덮밥 건새우무국 숙주나물무침 깍두기 바나나 찹쌀쫀도그 케첩
416,찹쌀밥 오이피클 감자건포도샐러드 치킨커틀릿 떠먹는한끼오뜨파인애플 우리사과팬케이크 크림스프
417,현미밥 추어탕 두부샐러드참깨드레싱 돈스테이크 클링클럿감자튀김 배추김치 바나나
418,자율밥김자반 미니어묵우동 삶은달걀 떡볶이 미니김말이 배추김치 꼬들단무지무침 얼린자두맛쥬시쿨
419,김가루찹쌀밥 초코칩 트위스트 등갈비조림 배추김치 데르뜨젤리백도 모듬견과
420,짬뽕밥 당면 양파춘장 타코야끼마요데리 배추김치 단무지 아이스홍시
421,찹쌀밥 들깨수제비국 매운돼지갈비찜 두부구이 배추김치 양념장 청포도
422,찹쌀밥 곰탕한그릇 참치야채볶음 야채소시지케첩 깍두기 단지쵸코우유 아침도넛
423,홍국쌀밥 떡국 연두부찜양념장 자메이카닭다리 배추김치 파인애플
424,김밥볶음밥 구운김 우동국물 납작군만두 비빔야채 배추김치 닭꼬치
425,죽 뮤즐리잔멸치볶음 단지바나나우유 곡물바 초코파이 길거리토스트 
426,참치마요덮밥 꼬치어묵국 망고샐러드드레싱 떡볶이 롱롱치즈스틱 배추김치 요쿠르트
427,죽 브로콜리 초장 도라지오이생채 오징어김치전 석박지 무지개떡 상큼한수제레몬에이드
428,찹쌀밥 얼큰콩나물국 쥐취포조림 대패불고기 배추김치 딸기요플레 프렌치토스트
429,자장면추가밥 부추계란국 꿔바로우탕수육 배추김치 요구르트
430,참치김치덮밥 다시마무국 계란후라이 꼬치없는떡꼬치 열무김치 생크림과일샐러드
431,찹쌀밥 쇠고기무국 잔멸치깻잎찜 고구마닭갈비 모닝빵딸기잼 콘푸레이크 오레오오즈
432,볶음밥 블랙필드 팽이버섯된장국 파래돌김자반 총각김치 파인애플C쥬스
433,찹쌀밥 부대찌개 라면사리 사태떡찜 시금치나물 파래김자반 깍두기 참외
434,찹쌀밥 얼큰콩나물국 속보이는쫄깃만두 햄야채계란말이 배추김치 과일쥬스 초코티라미수조각케잌
435,클로렐라밥 호박두부된장국 상추쌈 아삭이고추 베이컨감자채볶음 대패불고기 배추김치
436,찹쌀밥 쇠고기미역국 콩나물무침 부추양파무침 오리훈제구이 머스터드 배추김치 무쌈 도라에몽슈크림만쥬
437,찹쌀밥 설렁탕 건새우고추장볶음 향긋한깻잎주먹완자케첩 깍두기 모닝퐁라떼 크림빵
438,추가흑미밥 죽 오징어두부두루치기칼국수 잔멸치조림고추볶음 깍두기 바나나 파프리카 아삭고추땅콩쌈장
439,몽쉘파이 미소장국 오색피클 토마토스파게티 크링클컷 카사바칩 케첩 배추김치
440,대패불고기야채덮밥 팽이미소된장국 배추김치 견과 쵸코우유 더블퍼지쿠키
441,전주식비빔밥 언양식떡갈비 무채맑은국 배추김치 쉐이크 바람떡
442,쇠고기콩나물밥 우렁된장찌개 열대과일샐러드 양념치킨 배추김치 포춘쿠키
443,찹쌀밥 쇠고기무국 계란떡볶이 롱롱치즈스틱 모듬견과 썬업 초코파이
444,현미밥 들깨감자수제비 오리버섯볶음 부추겉절이 양파깻잎간장장아찌 새콤달콤무쌈어린잎 배추김치 수박
445,찹쌀밥 쇠고기육개장 어묵당면잡채 베이컨감자채볶음 석박지 짜먹는요구르트
446,찹쌀밥 뮤즐리잔멸치볶음 콘푸레이크 스페셜K 누룽지 아침에샌드위치
447,찰보리밥 우렁살아욱된장국 무채장아찌 상추쌈 아삭이고추 돈오븐구이 배추김치 색방울토마토
448,참치새싹비빔밥 바지락콩나물국 미역줄기볶음 소떡소떡꼬치 깍두기 오렌지주스
449,계란밥 팡오쇼콜라 꽃게된장국 비엔나메추리알조림 맛김 배추김치 과일쥬스
450,스팸마요김가루덮밥 콩나물김치국 김말이강정 깍두기 텐저린 초코슈
451,카레라이스 유부된장국 양배추샐러드 오징어링튀김 새우튀김 배추김치 사과
452,죽 밥 돈육꽈리고추장조림 아몬드호두김자반 배추김치 초코우유 밀크프랑스빵
453,찹쌀밥 고추장찌개 파채무침 후라이드치킨 단무지 파인애플C쥬스 치즈쿠키
454,찹쌀밥 옥수수스프 쫄면야채무침 통등심돈까스 배추김치
455,찹쌀밥 곰탕 오리훈제 부추무침 무산김 석박지 팔미어파이 사과한가득쥬스
456,홍국쌀밥 쇠고기육개장 뮤즐리잔멸치볶음 닭장각오븐구이 천도복숭아
457,해물볶음밥 건새우무국 연두부찜 양념장 타워데리멘츠카츠 열무김치 요거타임
458,찹쌀밥 참치김치볶음 물만두국 스팸구이케첩 견과 아침REAL쥬스 모카소보로빵생크림
459,찹쌀밥 부대찌개 콩나물무침 오코노미치킨까스 깍두기 수박
460,햄치즈밥버거 떡국 매콤왕도깨비감자핫도그 깍두기 카프리제토마토샐러드
461,찹쌀밥김가루 팽이버섯된장국 찐만두양념장 배추김치 모듬견과 크림 빵 썬업
462,흑미밥 쇠고기미역국 영양갈비찜 부추잡채 배추김치 생일케이크
463,찹쌀밥 새알만두국 골뱅이소면무침 혜화동 베이비치킨커틀렛 깍두기 조각파인애플
464,찹쌀밥 황태순두부찌개 고구마건포도샐러드 배추김치 아침에포도쥬스 초코모찌롤 미트번
465,차수수밥 짜글이찌개 연두부양념장 오이스틱당근스틱 수제파닭 깍두기 파프리카 견과쌈장
466,찹쌀밥 맑은콩나물국 멸치견과류볶음 김치볶음김가루 계란후라이 스팸구이 돌파라다이스
467,찹쌀밥 아침 카스테라 갈비탕 한그릇 후라이드닭꼬치 석박지 비요뜨초코링
468,쌀밥 그릴드베이컨포테이토피자 미트소스스파게티 배추김치 뽕따 수제오이무피클 콘샐러드드레싱 크림스프
469,자율밥김자반 쑥갓어묵국 알감자버터구이 삶은달걀 쫄면한그릇 깍두기 무지개떡
470,찹쌀밥 떡국 캐슈넛멸치볶음 안동찜닭 쿠쿠촉촉마카롱 허니버터아몬드 과일쥬스
471,잡곡밥 열무된장국 바베큐폭립 가지나물 웨지감자오븐구이 배추김치 바나나
472,찹쌀밥 돈육김치찌개 발사믹샐러드 명엽채볶음 오리훈제단호박볶음 깍두기 떠먹는아이스홍시
473,죽 깻잎찜 어묵메추리알장조림 배추김치 딸기요플레 팥빵
474,찹쌀밥 전복닭장각삼계탕 야채스틱쌈장 오색산적깻잎전 석박지 바람떡 수박
475,찹쌀밥 순대돼지고기국 아삭이고추된장무침 오징어김치전 석박지 베스킨아이스크림
476,찹쌀밥 초코데니쉬 쇠고기무국 진미마요네즈조림 계란떡볶이 썬업 곡 곡물바
477,찰보리밥 우렁살아욱된장국 날치알계란찜 무채장아찌 상추쌈 아삭이고추 대패불고기 배추김치
478,찹쌀밥 맑은순살아귀탕 영양갈비찜 도토리묵무침 도토리묵무침 깍두기 참외
479,찹쌀밥 떡국 안동찜닭 부들어묵피망볶음 허니버터아몬드 모카와플딸기쨈 과일쥬스
480,강황쌀밥 동태찌개 닭봉윙구이 캐슈넛멸치볶음 가지나물 깍두기 바나나
481,하이라이스 인절미토스트 김치콩나물국 등갈비구이 깍두기
482,단호박카레라이스 팽이미소된장국 야채핫바머스타드 배추김치 견과 비타 초코파이
483,차조밥 들깨수제비 연탄오리불고기파채 새콤달콤무쌈어린잎 배추김치 수박
484,찹쌀밥 짬뽕라면국 탕수육 배추김치 꼬들단무지무침 짜먹는요구르트
485,삼겹살김치볶음밥 치즈핫도그케첩 건새우아욱된장국 깍두기 현미후레이크바 아침에쥬스 도시락김
486,찹쌀밥 메밀소바 SELF충무김밥세트 수제야채튀김 석박지 김구이 자두
487,찹쌀밥 등뼈감자탕 언양식바싹불고기 순살가자미카레튀김 석박지 사과
488,죽 삶은계란 콘푸레이크 스페셜K 아침에샌드위치
489,콩나물밥 두부된장찌개 핫도그케첩 과일쥬스
490,찹쌀밥 코코번 쇠고기미역국 계란장조림 스팸구이 케첩 배추김치 오렌지쥬스
491,흑미밥 꽈리고추어묵볶음 치즈돈까스 배추김치 수박 옥수수스프마늘빵 
492,죽 진미채야채무침 오꼬노미야끼 석박지 모닝빵 딸기쨈 상큼한수제레몬에이드
493,찹쌀밥 참치김치볶음 건새우아욱된장국 언양식바싹불고기 조미김 고칼슘지방제로 플레인요구르트 몬테디저트
494,찹쌀밥 등뼈우거지국 마늘쫑잔멸치볶음 그릴치킨스테이크 열무김치 과일음료
495,흑미밥 설렁탕 당면사리 사태떡찜 아삭이고추된장무침 석박지 키위
496,찹쌀밥 우리쌀돼지바나나링카스테라 조랭이떡만두국 진미채엿장조림 오색현미육원전 허니버터아몬드 사과
497,잔치국수 밥 아이스슈 단무지쪽파무침 깐풍기 배추김치 포도스무디
498,차수수밥 순두부찌개 부추파절이 상추쌈 쌈장 갈비양념목살구이 보쌈김치 블루베리
499,찹쌀밥 북어채달걀국 멸치풋고추조림 야채소시지 케첩 배추김치 콘푸레이크 오레오오즈 우유만쥬
500,찹쌀밥 카카오롤케이크 닭다리삼계탕 오징어김치전 부추겉절이 석박지 바나나
501,날치알김치볶음밥 피자핫도그 쇠고기무국 계란찜 열무김치
502,찹쌀밥 딸기잼핫케이크 떡국 진미채엿장조림 등갈비조림 배추김치 오렌지쥬스
503,짬뽕밥 당면 양파춘장 고감콘크로켓케첩 배추김치 단무지 아이스홍시
504,쇠고기콩나물밥 시래기된장국 토마토큐브치즈샐러드 양념치킨 배추김치
505,찹쌀밥 아욱된장국 느타리버섯맛살볶음 너비아니조림 배추김치 콘푸레이크 그래놀라 리얼수제딸기머핀
506,전주식비빔밥 언양식떡갈비 무채맑은국 배추김치 바람떡 수박
507,강황쌀밥 쇠고기미역국 양배추쌈 쌈장 한돈고추장볶음 두부구이 깍두기 멜론
508,찹쌀밥 북어채무국 고구마닭갈비 부들어묵조림 깍두기 플라워파이 골드키위요플레
509,클로렐라밥 호박두부된장국 상추쌈 아삭이고추 베이컨감자채볶음 대패불고기 배추김치 포도
510,찹쌀밥 쇠고기육개장 통등심돈까스 마카로니콘치즈구이 배추김치 사과
511,찹쌀밥 다시마무국 씨앗미트볼조림 무말랭이무침 배추김치 콘푸레이크 초코첵스 프렌치토스트
512,자장면 계란파국 후라이드치킨 배추김치 레몬에이드
513,오므라이스 우동국물 케이준치킨샐러드 허브가들어간소시지 배추김치 바나나
514,찹쌀밥 팽이버섯된장국 쥐포채볶음 치킨데리야끼조림 배추김치 딸기요플레 우리밀와플 생크림
515,찰보리밥 설렁탕소면사리 비엔나메추리알조림 사과무생채 석박지 수박
516,잡채밥 유부된장국 무장아찌 배추김치 짜장소스 요구르트 모짜렐라 소시지핫도그
517,계란밥 팡오쇼콜라 꽃게된장국 비엔나메추리알조림 맛김 배추김치 과일쥬스
518,사과카레라이스 얼큰어묵국 단무지쪽파무침 롱롱치즈스틱 배추김치 카프리썬
519,찹쌀밥 참치김치찌개 진미채엿장조림 스팸구이케첩 깍두기 애플파이 과일쥬스
520,잡곡밥 쇠고기미역국 매운갈비찜 참나물무침 부추잡채 조각케이크
521,비빔밥 볶음고추장 근대된장국 미트볼조림 스크램블에그 배추김치 사과푸딩
522,밥 김치볶음 소시지구이 김가 팽이버섯된장국 닭꼬치 배추김치 오레오케이크 썬업
523,현미밥 열무된장무침 과일샐러드 돈카츠 배추김치 요구르트 크림스프마늘빵 
524,찹쌀밥 소면설렁탕 브로콜리초장 치즈불닭 석박지 무쌈
525,계란밥 등뼈우거지국 야채핫바머스타드 쵸코우유 우유크림빵
526,흑미밥 참치김치찌개 영양계란찜 망고그린샐러드 새우홍게살만두우동사리 배추김치 방울토마토
527,찹쌀밥 우렁된장찌개 오향장육 비빔막국수 보쌈김치 스트로베리라떼
528,찹쌀밥 황도샐러드드레싱 햄카츠 배추김치 얼려먹는요쿠르트 도라에몽암기빵 크림스프
529,김가루추가밥 니가가락국수 떡볶이 수제야채튀김 배추겉절이 오렌지쥬스
530,찹쌀밥 떡국 고구마맛탕 닭봉윙오븐구이 석박지 조각파인애플
531,찹쌀밥 죽 웨지감자 깍두기 과일쥬스 치즈피자브리또 바나나
532,차조밥 들깨수제비 새콤달콤무쌈어린잎 돈오븐구이 배추김치 자두 
533,카레라이스 들깨무채국 양념닭강정 깍두기 카프리제토마토샐러드 약과
534,찹쌀밥 쇠고기무국 진미마요네즈조림 계란떡볶이 모듬견과 썬업 마카롱 
535,잡곡밥 등뼈우거지국 연두부찜양념장 불닭바베큐롤까스 배추김치 파인애플
536,보리밥 순두부국 등갈비김치조림 햄야채계란말이 깍두기 생크림과일샐러드
537,찹쌀밥 오이피클 감자건포도샐러드 치킨커틀릿 떠먹는한끼오뜨파인애플 우리사과팬케이크 크림스프
538,찰보리밥 우렁살아욱된장국 동파육 무채장아찌 상추쌈 아삭이고추 배추김치 색방울토마토
539,삼색소보로덮밥 청양초콩나물국 미역줄기볶음 깍두기 오렌지주스 닭꼬치
540,김가루찹쌀밥 초코칩 트위스트 등갈비조림 배추김치 데르뜨젤리백도 모듬견과
541,저염팽이맑은국 흑임자연근샐러드 고구마떡맛탕☆ 지바치밥 배추김치 포도
542,흑미밥 돈육김치찌개 깻잎쌈 쌈장 양파장아찌 한돈맥적구이 보쌈김치 요플레
543,찹쌀밥 곰탕한그릇 참치야채볶음 야채소시지케첩 깍두기 단지쵸코우유 아침도넛
544,흑미밥 얼갈이배추된장국 새송이 통마늘구이 떡갈비 배추김치 바나나
545,자장덮밥 계란파국 무장아찌 소고기한섬왕만두 배추김치 청포도후레쉬
546,죽 콘푸레이크 오레오오즈 곡물바 길거리토스트 
547,자장밥 오징어짬뽕국 레몬크림깐쇼새우 배추김치 수제과일음료
548,찹쌀밥 얼큰콩나물국 속보이는쫄깃만두 햄야채계란말이 배추김치 과일쥬스 초코티라미수조각케잌
549,잡곡밥 건새우아욱된장국 비빔막국수계란 고구마닭갈비 나박김치 멜론
550,차조밥 등뼈감자탕 크리미어니언수제치킨 고등어구이 석박지 구슬아이스크림
551,찹쌀밥 설렁탕 건새우고추장볶음 향긋한깻잎주먹완자케첩 깍두기 모닝퐁라떼 크림빵
552,찰보리밥 부대찌개 양배추쌈 케일쌈 젓갈 충무식오징어 어묵무침 햄야채계란말이 석박지 김구이 셀프김밥
553,새우살볶음밥 콩비지찌개 돈육메추리알장조림 콩나물무침 깍두기 곡크림치즈롤
554,대패불고기야채덮밥 팽이미소된장국 배추김치 견과 쵸코우유 마카다미아넛쿠키
555,참치야채비빔밥 유부장국 배추김치 회오리요술감자시즈닝 과일쥬스
556,흑미밥 부대찌개 발사믹샐러드 고메치즈함박스테이크 깍두기 사과
557,찹쌀밥 쇠고기무국 계란떡볶이 롱롱치즈스틱 모듬견과 썬업 초코파이
558,현미밥 들깨감자수제비 연탄오리불고기파채 양파깻잎간장장아찌 새콤달콤무쌈어린잎 배추김치 파인애플
559,찹쌀밥 쇠고기미역국 안동찜닭 청포묵김가루무침 석박지 딸기맛포켓팝콘
560,찹쌀밥 뮤즐리잔멸치볶음 콘푸레이크 스페셜K 누룽지 아침에샌드위치
561,추가흑미밥 죽 잔멸치조림고추볶음 깍두기 바나나 파프리카 아삭고추땅콩쌈장
562,찹쌀밥 닭곰탕 치커리사과무침 김치피자탕수육 석박지 바나나
563,계란밥 팡오쇼콜라 꽃게된장국 비엔나메추리알조림 맛김 배추김치 과일쥬스
564,고구마밥 차돌박이된장찌개 검은깨두부조림 안동찜닭넙적당면 배추김치
565,흑미밥 맑은콩나물국 파절이 상추쌈 쌈장 돼지고기구이 새송이 통마늘구이 보쌈김치 아이스망고
566,찹쌀밥 닭곰탕 새우까스배추김치 단지 바나나우유 초코에끌레어
567,차조밥 도토리묵채국 영양계란찜 상추쌈아삭고추 파채콩나물무침 샤브불고기
568,닭갈비비빔밥 콩가루배추국 고구마맛탕 배추김치 단무지무침 짜먹는요구르트
569,찹쌀밥 딸기잼핫케이크 설렁탕 오리훈제 부추무침 무산김 석박지 사과한가득쥬스 카카오아몬드
570,흑미밥 참치김치찌개 황도샐러드드레싱 쫄뱅이 모듬캠핑구이 깍두기 바나나
571,자율밥김자반 잔치국수 보쌈김치 귤 용가리치킨 머스터드 이온음료
572,새우볶음밥 쇠고기우거지국 배추김치 허니버터아몬드 콘푸레이크 오레오오즈 초코파이
573,찰보리밥 우렁살배추국 오리불고기파채 배추김치 자몽에이드 마카로니콘치즈구이
574,찹쌀밥 떡국 청포묵김가루무침 오징어김치전 석박지 깻잎김치 딸기우유
575,죽 깻잎찜 어묵메추리알장조림 딸기요플레 팥빵
576,쇠고기미역국라면 삼색나물무침 왕새우튀김 배추김치 제주감귤쥬스 생일케이크
577,삼겹살김치볶음밥 우렁된장찌개 통곡물뮤즐리멸치볶음 햄야채계란말이 열무김치 달콤배
578,찹쌀밥 북어콩나물국 쥐취포조림 야채소시지케첩 배추김치 콘푸레이크 초코첵스 우리밀와플 생크림
579,흑미밥 들깨무채국 아몬드실치볶음 닭강정얌운센 배추김치
580,찹쌀밥 죽 골뱅이채소무침 소면 통등심돈까스 배추김치 바삭김부각
581,찹쌀밥 떡국 진미채엿장조림 등갈비조림 배추김치 오렌지쥬스 허니버터바게트볼
582,차조밥 설렁탕소면 브로콜리초장 찹쌀순대허브소금 석박지
583,하이라이스 치커리사과무침 닭장각오븐구이 깍두기 두부김치국 식혜
584,계란밥 순두부찌개 비고왕교자만두 배추김치 오렌지쥬스 브라우니케잌
585,갖은나물비빔밥언양식떡갈비 꼬치어묵국 계란지단 배추김치 레몬에이드 송편
586,찹쌀밥 참치김치찌개 잔멸치아몬드조림 스팸구이케첩 깍두기 애플파이 과일쥬스
587,찰보리밥 제철꽃게탕 흑임자연근샐러드 콩나물잡채 김피탕 깍두기
588,찹쌀밥 팽이된장찌개 쫄면야채무침 매쉬드포테이토함박 배추김치 조각파인애플
589,찹쌀밥 들깨감자수제비 등갈비조림 배추김치 쁘띠푸딩 아침 쿠키
590,잡곡밥 열무된장국 맛감자볼케첩 닭반마리전기구이 배추김치 치킨오이무피클
591,흑미밥 쇠고기미역국 발사믹샐러드 한돈양념구이 무쌈 보쌈김치 제철토마토생과일주스
592,찹쌀밥 초코칩 트위스트 닭곰탕 햄감자채볶음 맛살계란말이 배추김치 딸기바나나쥬스
593,콩나물버섯영양밥양념간장 들깨무채국 맥시칸타코 배추김치 과일쥬스
594,찹쌀밥 설렁탕 면사리 연두부찜 순대야채볶음 석박지 포도푸딩
595,추가밥 죽 돈육김치볶음 두부 레몬에이드 오징어먹물고르곤졸라피자
596,흑미밥 북어맑은국 영양계란찜 오향장육 무말랭이무침 상추쌈 아삭고추 보쌈김치
597,찹쌀밥 스파게티 우동국물 오색피클 언양식바싹불고기 배추김치 마늘빵
598,찹쌀밥 쇠고기육개장 쵸코우유 쿠키 길거리토스트
599,갈비치킨바베큐소스덮밥 팽이미소국 양배추쌈쌈장 고구마떡맛탕☆ 배추김치 바나나
600,흑미밥 맑은아귀탕 제육볶음 마카로니콘치즈구이 보쌈김치 떠먹는아이스홍시
601,찹쌀밥 초코칩 트위스트 쇠고기무국 건새우고추장볶음 옛날소세지전 텐저린
602,찰보리밥 우렁살아욱된장국 무채장아찌 상추쌈 아삭이고추 돈오븐구이 배추김치 색방울토마토
603,클로렐라쌀밥 부대찌개 어묵당면잡채 순살가자미튀김 깍두기 도시락김
604,찹쌀밥 쇠고기육개장 깻잎양념찜 랍스터커틀릿 얼려먹는요쿠르트 도라에몽암기빵
605,추가흑미밥 닭장각삼계탕 잔멸치조림고추볶음 고소참치야채전 깍두기 바나나 파프리카 아삭고추땅콩쌈장
606,흑미밥 순두부백탕 한돈수육 미나리무생채 상추 깻잎 아삭이고추 쌈장 비빔막국수 보쌈김치
607,찹쌀밥 두부김치국 파채겉절이 언양식바싹불고기 우리밀빵 총각김치 콘푸레이크 그래놀라
608,쇠고기야채하이라이스 수제 피자토스트 계란파국 배추김치 꿀설기떡 과일음료
609,찹쌀밥 고추장짬뽕국 충무식오징어초무침 양파장아찌 탕수육 배추김치 요거타임
610,추가밥 죽 감자사라다샌드위치 허니버터아몬드 쵸코우유
611,찰보리밥 떡국 알감자조림 양배추쌈케일쌈 쌈장 양파깻잎간장장아찌 대패불고기 배추김치
612,찹쌀밥 등뼈감자탕 찐옥수수 콩나물무침 어니언새우까스 양파링 석박지
613,찹쌀밥 웰빙찰보리빵 아욱된장국 등갈비김치찜 건새우볶음 배추김치 아침에포도쥬스
614,현미밥 시금치토장국 두부샐러드참깨드레싱 순살고구마닭갈비 클링클럿감자튀김 배추김치 바나나
615,사과카레라이스 초코칩 트위스트 맑은우동국 찐만두양념장 배추김치 데르뜨젤리백도
616,율무밥 민물새우수제비국 잔멸치땅콩조림 수제떡갈비 방울토마토 파프리카샐러드 드레싱 깻잎쌈쌈장
617,쇠고기콩나물밥 떡국 도라지오이생채 김치치즈함박스테이크 깍두기 달콤배
618,찹쌀밥 팽이버섯된장국 쥐포채볶음 치킨데리야끼조림 배추김치 딸기요플레 우리밀와플 생크림
619,팥밥 들깨미역국 고구마줄기볶음 부추잡채 수제파닭 배추김치 조각케이크
620,하이라이스 순두부찌개 돼지고기구이 치커리사과무침 깍두기 모닝빵 딸기쨈
621,찹쌀밥 초코칩 트위스트 설렁탕 언양식바싹불고기 석박지 바나나우유
622,순대국밥 부추겉절이 석박지 바나나 핫도그
623,찹쌀밥 옥수수스프 쫄면야채무침 통등심돈까스 깍두기 조각파인애플
624,찹쌀밥 조랭이떡만두국 진미채엿장조림 오색현미육원전 우리밀허니카스테라 사과
625,자장밥 계란파국 김말이강정 배추김치 요구르트
626,찹쌀밥 들깨수제비국 매운돼지갈비찜 양파장아찌 마카로니콘치즈구이 열무김치
627,찹쌀밥 참치김치찌개 파래돌김자반 스팸구이 후라이 카카오머핀 오렌지 스무디
628,흑미밥 아욱감자된장국 수육보쌈 무말랭이무침 비빔막국수 상추쌈 아삭이고추 배추김치
629,찹쌀밥 도토리묵국 찹스테이크감자조림 계란찜 배추김치 칼슘붕어빵
630,찹쌀밥 나주곰탕당면 온두부김치볶음 텐저린 에그타르트
631,기장밥 닭곰탕 잔멸치조림고추볶음 고소참치야채전 깍두기 바나나
632,오므라이스 미소된장국 크링클컷 케첩 허브가들어간소시지 배추김치 마시는샐러드주스
633,사과카레라이스 계란파국 맛김 핫도그케첩 곡물바 폴리또쥬스
634,잡채밥 자장소스 호박된장국 고구마맛탕 배추김치 레몬에이드
635,찹쌀밥 맑은콩나물국 멸치견과류볶음 김치볶음김가루 계란후라이 스팸구이 돌파라다이스
636,찹쌀밥 딸기잼핫케이크 떡국 오리훈제야채무침 배추김치 내사랑사과쥬스 맛김
637,김자반찹쌀밥 유부쫄면 만두탕수 배추김치 과일음료
638,찹쌀밥 쇠고기육개장 두부양념구이 양념닭강정 석박지 달콤배
639,새우볶음밥 쇠고기우거지국 계란후라이 배추김치 바나나우유 초코파이
640,흑미밥 북어맑은국 오향장육 무말랭이무침 상추쌈 아삭고추 배추김치
641,김밥볶음밥 도시락김 우동국물 떡볶이 배추김치 단무지무침 닭꼬치
642,김자반찹쌀밥 쇠고기무국 어묵메추리알장조림 쵸코우유 프렌치토스트
643,제육덮밥 유부장국 야채튀김 배추김치 바나나
644,흑미밥 돈육김치찌개 부추양파무침 오리훈제구이 머스터드 깍두기 무쌈 사과
645,김가루찹쌀밥 초코칩 트위스트 얼큰콩나물국 등갈비조림 배추김치 데르뜨젤리백도 모듬견과
646,기장밥 들깨감자수제비 두부구이양념장 안동찜닭넙적당면 배추김치
647,흑미밥 쇠고기버섯찌개 꽃맛살샐러드 순살닭갈비 석박지 조각파인애플
648,찹쌀밥 죽 뮤즐리잔멸치볶음 쵸코우유 아침에샌드위치
649,김가루밥 오븐치즈스파게티한그릇 명핫도그케첩 치즈 머스타드 수제오이무피클 크림스프
650,유부초밥 자율밥 콩나물국 알감자버터구이 고구마크림치즈롤카츠 배추김치
651,찹쌀밥 초코칩 트위스트 닭곰탕 햄감자채볶음 맛살계란말이 배추김치 딸기바나나쥬스
652,콩나물버섯영양밥양념간장 들깨무채국 수제 또띠아 치킨랩 배추김치 과일쥬스
653,흑미밥 쑥갓어묵국 사태떡찜 파프리카잡채 배추김치 내사랑사과쥬스
654,김치볶음밥 무채맑은국 계란후라이 야채핫바머스타드 포도쥬스 우유크림빵
655,찰보리밥 부대찌개 라면사리 납작군만두 비빔야채 햄야채계란말이 깍두기
656,찹쌀밥 순대돼지고기국 아삭이고추된장무침 오징어김치전 순살가자미튀김 석박지
657,죽 깍두기 과일쥬스 치즈피자브리또 바나나
658,흑미밥 팽이버섯된장국 상추쌈 아삭이고추 대패불고기 새송이 통마늘구이 배추김치
659,찹쌀밥 참치김치볶음 맑은어묵탕 스팸구이케첩 아침REAL쥬스 모카소보로빵생크림
660,기장밥 순두부백탕 상추쌈 아삭이고추 양파깻잎간장장아찌 돈오븐구이 배추김치 사과
661,흑미밥 떡국 발사믹샐러드 고메치즈함박스테이크 깍두기 사과
662,단호박카레라이스 팽이미소된장국 야채핫바머스타드 배추김치 비타 초코파이
663,차조밥 설렁탕소면 브로콜리초장 찹쌀순대허브소금 저염고등어구이 석박지
664,찹쌀밥 고추장짬뽕국 연두부찜 오이지무침 탕수육 배추김치
665,찹쌀밥 조랭이떡만두국 통등심돈까스케첩 배추김치 페스츄리꽈배기 오렌지쥬스
666,참치마요덮밥 꼬치어묵국 떡볶이 수제야채튀김 배추김치 요쿠르트
667,찹쌀밥 쇠고기미역국 단호박견과류찜 치즈불닭 배추김치 바나나
668,대패불고기야채덮밥 팽이미소된장국 배추김치 쵸코우유 마카다미아넛쿠키
669,찰보리밥 들깨무채국 뮤즐리지리볶음 양배추쌈쌈장 수제떡갈비 배추김치
670,찹쌀밥 녹두닭곰탕 찹쌀콩멸치볶음 고구마 크림치즈미트번 김치소 깍두기 오렌지
671,죽 콘푸레이크 오레오오즈 곡물바 길거리토스트 
672,김가루밥 잔치국수 고구마떡맛탕☆ 배추겉절이 바나나
673,찹쌀밥 등뼈감자탕 골뱅이야채무침 햄야채계란말이 석박지 아이스망고
674,찹쌀밥 아욱된장국 느타리버섯맛살볶음 너비아니조림 배추김치 포도쥬스 리얼수제딸기머핀
675,잡곡밥 얼큰콩나물국 연두부찜양념장 치즈돈까스 배추김치 파인애플
676,치킨마요덮밥 유부된장국 브로콜리 초장 배추김치 보트감자 짜먹는요구르트
677,찹쌀밥 고구마빅데니쉬 배추된장국 참치야채볶음 스팸구이 케첩 깍두기 아침에쥬스
678,흑미밥 우렁살아욱된장국 상추쌈 아삭이고추 햄감자채볶음 대패불고기 배추김치
679,찹쌀밥 해물볶음우동 햄부대찌개 청포묵김가루무침 배추김치 딸기우유
680,찹쌀밥 떡국 제육구이 감귤쥬스 맛김 에그타르트 김치
681,참치야채비빔밥 수제피자토스트 얼큰어묵국 배추김치 과일음료
682,콩나물밥 양념장 호박고추장찌개 생김구이 소떡소떡꼬치 깍두기 카프리제토마토샐러드
683,계란밥 팡오쇼콜라 쇠고기무국 비엔나메추리알조림 배추김치 과일쥬스
684,잡곡밥 민물새우수제비국 잔멸치땅콩조림 닭장각오븐구이 배추김치 치킨오이무피클
685,자장덮밥 인절미토스트 계란파국 배추김치 요구르트 꼬물이만두 초간장
686,찹쌀밥 참치김치찌개 계란후라이 스팸구이케첩 깍두기 애플파이 과일쥬스
687,중화풍잡채덮밥 호호불며먹는호빵 얼큰콩나물국 탕수육 배추김치 요구르트
688,찹쌀밥 설렁탕 면사리 두부구이돈양념 오징어김치전 석박지 조각파인애플
689,찹쌀밥 허니 버터브래드 물만두국 두부 돈육김치볶음 깍두기 사과쥬스
690,율무밥 떡국 안동찜닭 알감자버터구이 배추김치 사과
691,찹쌀밥 어묵우동국 청포묵김가루무침 통등심돈까스 배추김치 생크림과일샐러드
692,김치볶음밥 두부된장국 비엔나떡볶음 오이생채 스크램블드에그 오렌지쥬스 하트파이
693,찹쌀밥 황도샐러드드레싱 해쉬브라운 수제함박배추김치 마늘빵 단호박크림스프
694,닭갈비덮밥 다시마무국 계란찜 고구마떡맛탕 깍두기 요구르트
695,김자반찹쌀밥 얼큰콩나물국 연탄오리불고기파채 배추김치 딸기쥬스 프렌치토스트
696,추가밥 자장면한그릇 달걀송송파국 단무지쪽파무침 군만두 배추김치 방울토마토
697,해물볶음밥 연두부찜 양념장 타워데리멘츠카츠 깍두기 두부김치국
698,찰보리밥 떡국 부추잡채 스팸구이케첩 배추김치 부드러운 핫케이크 쵸코우유
699,순대국밥 야채매콤달콤떡볶이 바삭김말이 부추겉절이 석박지 과일쥬스
700,찹쌀밥 피자핫도그 녹두닭곰탕 양파장아찌 석박지 도시락김
701,카레라이스 얼큰어묵국 야채핫바머스타드 배추김치 마카다미아쿠키 과일음료 
702,찹쌀밥 햄부대찌개 사과무생채 고추잡채 꽃빵 제철호박전 깍두기
703,찹쌀밥 고추장짬뽕국 콩나물무침 크리미어니언수제치킨 배추김치 바나나
704,찹쌀밥 바지락수제비국 딸기잼핫케이크 미트볼떡조림 도토리묵김치무침 콘푸레이크 초코첵스
705,대패불고기야채덮밥콩나물 맑은우동국 상추쌈 아삭이고추 수제고구마튀김 배추김치 빼빼로 사과
706,흑미밥 등뼈감자탕 부추양파무침 오리훈제구이 머스터드 깍두기 무쌈
707,찹쌀밥 쇠고기무국 등갈비김치찜 깍두기 포도쥬스 똑똑시리얼바 프렌치토스트
708,곡쌀밥 두부된장찌개 캐슈넛멸치볶음 오징어김치전 닭장각오븐구이 석박지 찹쌀모찌 사과
709,찹쌀밥 순두부찌개 파절이 상추쌈 아삭이고추된장무침 감자채볶음 돼지고기구이 보쌈김치
710,찹쌀밥 설렁탕 돈육메추리알조림 파래돌김자반 배추김치 똑똑피칸파이 호두 아몬드두유
711,참치김치덮밥 수제토스트피자 저염팽이맑은국 배추김치 과일음료
712,찹쌀밥 초코칩 트위스트 쇠고기무국 잔멸치땅콩조림 햄야채계란말이 배추김치 귤 맛김 누룽지
713,흑미밥 바베큐갈비치킨 갈비탕 갈비탕 황도샐러드드레싱 애호박전 부추전 석박지 보쌈김치 삼색과일 대추차 쿠키
714,죽 콘푸레이크 오레오오즈 곡물바 길거리토스트 
715,김가루밥 잔치국수 바나나 수제인절미토스트 
716,밥 김치볶음 소시지구이 김가 카스테라 계란파국 아몬드멸치볶음 석류사과쥬스
717,기장밥 떡만두국 콩나물무침 감자햄볶음 닭갈비 배추김치 바나나
718,찹쌀밥 초코칩 트위스트 건새우아욱된장국 언양식떡갈비 배추겉절이 오렌지쥬스
719,곡쌀밥 달래두부된장찌개 캐슈넛멸치볶음 김피탕 배추김치 파프리카땅콩쌈장 사과
720,찹쌀밥 얼큰콩나물국 계란장조림 갈비만두양념장 배추김치 우유만쥬 쵸코우유
721,대패불고기야채덮밥콩나물 맑은우동국 양배추쌈 쌈장 배추김치 수제인절미토스트 과일쥬스
722,찹쌀밥 바지락수제비국 브라우니초코케이크 비엔나떡케찹조림 깻잎양념찜 배추김치 오렌지쥬스
723,흑미밥 부대찌개 라면사리 두부양념조림 석박지 사과
724,오징어덮밥 초당황태순두부찌개 깍두기 비요뜨 핫도그케첩 골드파인애플
725,짬뽕밥 당면 브로콜리초장 단무지쪽파무침 타코야끼 배추김치
726,찹쌀밥 고구마 파이 북어콩나물국 계란후라이 스팸구이 케첩 배추김치 맛김 오렌지쥬스
727,팥밥 버터롤케이크 쇠고기미역국 영양갈비찜 삼색나물 부추잡채 배추김치
728,찹쌀밥 설렁탕 돈육김치볶음 두부 깍두기 밤만주 쵸코우유
729,클로렐라밥 황도샐러드드레싱 통등심돈까스 배추김치 옥수수스프
730,찹쌀밥 카스테라 떡국 콩나물무침 메밀김치전병동그랑땡 배추김치 바나나우유
731,봄나물비빔밥 꿀떡
732,찹쌀밥 호박두부된장국 돼지불고기 맛살계란말이 배추김치 능금쥬스 몬테디저트
733,흑미밥 근대감자된장국 양파깻잎간장장아찌 새송이 통마늘구이 돈오븐구이 배추김치 사과
734,찹쌀밥 떡국 건새우호박볶음 야채소시지 배추김치 팔미어파이 비요뜨
735,차조밥 등뼈우거지국 충무식오징어 어묵무침 햄감자채볶음 배추김치 바나나
736,계란밥 붕어빵 쇠고기무국 어묵메추리알조림 배추김치 과일쥬스
737,찰보리밥 참치김치찌개 오이스틱 당근스틱 비빔막국수 육쌈 백김치
738,찹쌀밥 건새우아욱된장국 수제언양식떡갈비 배추겉절이 오렌지쥬스 식빵토스트쨈
739,흑미밥 얼큰콩나물국 안동찜닭 양배추쌈 쌈장 깍두기 방울토마토
740,찹쌀밥 찐빵 시금치된장국 쥐취포조림 갈비만두양념장 배추김치 쵸코우유
741,찹쌀밥 바지락쑥국 참나물유자샐러드 고구마맛탕 지바치밥 배추김치 바나나
742,찹쌀밥 바지락수제비국 비엔나떡케찹조림 깻잎양념찜 배추김치 오렌지쥬스 피칸파이
743,강황쌀밥 호박두부된장국 샤브고추장불고기 상추쌈 감자전 배추김치 파프리카 아삭고추 땅콩쌈장
744,찹쌀밥 황태순두부찌개 오리훈제단호박볶음 배추김치 맛김 바나나 애플파이
745,자장밥 오징어짬뽕국 돌나물무침 배추김치 과일음료
746,찰보리밥 머핀 건새우아욱된장국 돈육메추리알조림 오이맛살초무침 배추김치 바나나우유
747,찰보리밥 콩나물국 수육보쌈 알배추쌈장 비빔막국수 무말랭이무침
748,찹쌀밥 쇠고기무국 베이컨감자채볶음 한입돈까스케첩 배추김치 우유 식빵토스트쨈
749,기장밥 얼갈이배추된장국 브로콜리 초장 고구마닭갈비 새송이 통마늘구이 배추김치 바나나
750,찹쌀밥 감자다시마국 잔멸치땅콩조림 미트볼두부강정 배추김치 아침에쥬스 모닝빵 딸기잼
751,콩나물밥양념장 한그릇떡만두국 소떡소떡꼬치 배추김치 과일쥬스
752,김자반찹쌀밥 맑은우동국 계란찜 어묵매콤볶음 녹차호떡 배추김치 딸기바나나쥬스
753,흑미밥 설렁탕소면 찰순대허브소금 저염고등어구이 석박지 방울토마토
754,찹쌀밥 브라우니초코케이크 팽이버섯된장국 파채겉절이 돼지불고기 배추김치 바나나우유
755,참치야채비빔밥초고추장 맑은우동국 수제야채튀김 배추김치 사과
756,찹쌀밥 카스테라 닭곰탕 두부양념조림 맛살미역줄기볶음 배추김치 요쿠르트
757,흑미밥 들깨무채국 연두부찜양념장 돼지불고기 깍두기 파인애플
758,오므라이스 맑은우동국 야채핫바머스타드 배추김치 내사랑사과쥬스
759,찰보리밥 민물새우수제비국 알배추쌈장 새송이 통마늘구이 떡갈비 배추김치
760,흑미밥 동태쑥갓탕 푸실리미트볼조림 새우맛연근 단호박튀김 깍두기 수박
761,강황쌀밥 닭다리삼계탕 아삭이고추쌈장무침 오징어김치전 석박지 참외
762,찹쌀밥 건새우아욱감자된장국 황도샐러드 키위드레싱 수제언양식떡갈비 깍두기 초코칩트위스트 오렌지주스
763,찹쌀밥 부대찌개 두부양념조림 저염고등어카레구이 배추겉절이 블랙사파이어
764,찹쌀밥 밤만주 얼큰콩나물국 돈육달걀장조림 스트링치즈어묵바 배추김치 초코우유
765,잔치국수 녹두밥 쌀초코케익 소떡소떡꼬치 배추겉절이
766,찹쌀밥 브라우니초코케이크 바지락수제비국 비엔나떡케첩조림 된장깻잎찜 배추김치 플리또
767,오징어덮밥 초당황태순두부찌개 백김치 비요뜨 메이플크림치즈파이
768,흑미밥 짬뽕국물 숙주미나리무침 닭갈비 열무김치 바나나
769,흑미밥 시금치된장국 모듬쌈채 우렁두부쌈장 파채콩나물무침 삼겹살 배추김치
770,찹쌀밥 유부김치콩나물국 아몬호두파래돌김자반 달걀후라이 스팸구이 케첩 깍두기 생크림오믈렛 딸기바나나라떼
771,찹쌀밥 떡국 찰보리앙버터 돈육김치볶음 온두부 깍두기 플리또
772,흑미밥 참치김치찌개 우거지나물무침 돈육버섯불고기 모짜치즈달걀말이 무말랭이김치 수박
773,찹쌀밥 비스킷슈 시금치된장국 돼지불고기 맛살달걀말이 열무김치 상큼한사과주스
774,김밥멸치주먹밥 꼬지어묵우동 쌀초코케익 배추겉절이 블랙사파이어
775,찹쌀밥 우리밀허니카스테라 김치가마보꼬어묵국 참치채소볶음 김치메밀전병 동그랑땡 깍두기 딸기우유
776,찹쌀밥 모카번 감자버섯수제비국 고구마건포도샐러드 채소고기말이 배추김치
777,흑미밥 모카번 양송이크림스프 단무지쪽파무침 망고과일샐러드 통등심돈까스 배추김치
778,흑미밥 미소미역된장국 한방한우갈비찜 상추부추겉절이 곤드레나물잡채 석박지
779,달걀밥 붕어빵 쇠고기두부탕국 비엔나메추리알조림 배추김치 메론두유
780,찹쌀밥 오징어무국 수제언양식떡갈비 배추겉절이 식빵토스트 딸기쨈 포도주스
781,찹쌀밥 우리밀고구마롤케익 들깨무채국 쥐포채볶음 갈비만두 배추김치 바나나두유
782,하이라이스 찹쌀밥 크림빵 단무지쪽파무침 치킨너겟 머스터드 깍두기 플리또
783,찹쌀밥 얼큰콩나물국 오리훈제단호박볶음 김구이 애플파이 골드파인애플
784,찹쌀밥 우리찹쌀초코롤 동태쑥갓탕 미트볼떡조림 스크램블드에그 배추김치 바나나우유
785,찹쌀밥 쇠고기미역국 베이컨감자채볶음 한입돈까스 배추김치 혼합시리얼 흰우유
786,찹쌀밥 감자다시마국 잔멸치땅콩조림 미트볼두부강정 배추김치 모닝빵 딸기잼 플리또
787,김자반찹쌀밥 머핀 팽이버섯미소장국 게맛살달걀찜 어묵매콤볶음 딸기두유
788,찹쌀밥 우리밀고구마롤케익 들깨무채국 쥐포채볶음 갈비만두 배추김치 김구이 바나나두유
789,강황쌀밥 해물수제비국 참나물 유자샐러드 고구마맛탕 치밥소스 배추김치 바나나
790,오므라이스 우동국물 허브가들어간소시지 배추김치 용가리치킨 머스터드 짜먹는요구르트
791,하이라이스 찹쌀밥 크림빵 유부김가루국 단무지쪽파무침 채소고기말이 깍두기 플리또
792,쥐눈이콩밥 쇠고기부추영양탕 땅콩쌈장 호박깻잎감자전 샤브고추장불고기 상추쌈 배추김치 파프리카스틱 아삭이고추
793,불닭마요덮밥 쇠고기무국 숙주나물무침 깍두기 찹쌀쫀도그 식혜
794,찹쌀밥 얼큰콩나물국 캐슈넛마늘멸치볶음 오리훈제단호박볶음 배추김치 오렌지주스 애플파이
795,찰옥수수밥 건새우아욱감자된장국 탕평채 고구마건포도샐러드 김치치즈함박스테이크 깍두기
796,미니충무김밥 잔치국수 찐옥수수 오징어초무침 배추김치 바나나
797,찹쌀밥 우리찹쌀초코롤 동태쑥갓탕 미트볼떡조림 스크램블드에그 배추김치 바나나우유
798,찰보리밥 쫄면채소무침 들깨무채국 알배기배추 쌈장 수육 새우젓 보쌈김치 배
799,찹쌀밥 들깨수제비국 매운돼지갈비찜 양파장아찌 마카로니콘치즈구이 배추김치
800,찹쌀밥 쇠고기미역국 베이컨감자채볶음 한입돈까스 배추김치 혼합시리얼 흰우유
801,찰보리밥 열무해물된장국 고구마닭갈비 김치메밀전병 동그랑땡 석박지 상큼한사과주스
802,쇠고기콩나물밥 순두부백탕 순대야채볶음 소떡소떡꼬치 열무김치 엔요
803,찹쌀밥 감자다시마국 잔멸치땅콩조림 돼지불고기 배추김치 모닝빵 딸기잼 플리또
804,할맥밥 얼큰콩나물국 단무지쪽파무침 비름나물고추장무침 수제고르곤졸라아몬드피자토스 깍두기 플리또
805,찹쌀밥 미소된장국 오색피클 토마토스파게티 새우까스 배추김치
806,김자반찹쌀밥 머핀 팽이버섯미소장국 게맛살달걀찜 어묵매콤볶음 딸기두유
807,오므라이스 지단포함 유부김가루국 채소핫바 크리미양파S 배추김치 바나나 포도주스
808,흑미밥 우렁된장찌개 상추쌈 아삭이고추된장무침 한돈오븐구이 보쌈김치 카프리제토마토샐러드
809,찹쌀밥 허쉬쿠키 모듬어묵국 매콤콩나물무침 우리쌀깐쇼새우 열무김치 아이러브요거트
810,차조쌀밥 만두육개장 청포묵김무침 파닭 석박지 사과
811,찹쌀밥 돈육김치찌개 언양식바싹불고기 크링클컷 케첩 총각김치 조각파인애플
812,찹쌀밥 참치김치볶음 감자샐러드샌드위치 떡국 아몬호두파래돌김자반 후랑크소시지구이 케첩 상큼한사과주스
813,강황쌀밥 달콤한메세지케익 쇠고기미역국 매콤돼지갈비떡찜 곤드레나물잡채 배추김치 골드파인애플
814,찹쌀밥 조갯살미역국 부추양파무침 고구마맛탕 오리훈제구이 레몬무쌈 배추김치 바람떡
815,찹쌀밥 팔미어파이 김치가마보꼬어묵국 아몬드멸치볶음 마파두부 배추김치 베지밀
816,찰보리밥 모듬햄부대찌개 치커리사과무침 순대채소볶음 삼치데리야끼구이 총각김치
817,흑미밥 만두국 두부구이돈양념 고구마 크림치즈미트번 김치소 석박지 야쿠르트
818,찹쌀밥 감자버섯수제비국 쌈장찜닭 깍두기 김구이 플리또 메이플크림치즈파이
819,추가밥 자장면 달걀부추국 비름나물고추장무침 납작부침만두 배추김치 거봉
820,삼색소보로덮밥 청양초콩나물국 치즈떡 비엔나케첩볶음 깍두기 조각파인애플 프렌치토스트
821,달걀밥 붕어빵 맑은미역국 비엔나치즈떡볶음 배추김치 딸기우유
822,흑미밥 버섯청국장찌개 도토리묵채소무침 고구마닭갈비 햄감자채볶음 열무김치 플리또
823,찹쌀밥 부대찌개 브로콜리초장 크리미어니언수제치킨 석박지 달콤배
824,찹쌀밥 떡국 숙주맛살무침 제육볶음 열무김치 아이러브요거트 콘시리얼바견과바
825,차조쌀밥 열무된장국 연탄오리불고기파채 비빔막국수 달걀 깍두기 수박
826,찹쌀밥 수제피자핫도그 등뼈감자탕 사태떡찜 파래김자반 석박지
827,찹쌀밥 딸품소 황도파인샐러드 키위D 돈까스 배추김치 딸기바나나라떼 옥수수수프
828,현미찹쌀밥 대패불고기 몽글순두부짬뽕탕 우엉쌈장 날치알달걀찜 상추 깻잎 열무김치
829,흑미밥 단배추된장국 콩나물무침 부추파절이 새송이 통마늘구이 돼지고기구이 보쌈김치 딸기우유
830,파인애플카레라이스 팽이버섯미소장국 닭봉구이 벌집감자튀김 깍두기 모닝퐁라떼
831,찰보리밥 등뼈우거지국 갈치어묵볶음 새송이 통마늘구이 석박지 김구이 참외
832,찹쌀밥 설렁탕 소면 진미채야채무침 순살가자미카레튀김 석박지 과일푸딩
833,깍두기참치볶음밥 대만샌드위치 맑은콩나물국 토네이도소시지구이 나박김치 엔요
834,찹쌀밥 수제미니소시지크라상 양송이크림스프 양상추샐러드 요거트 미트소스스파게티 배추김치 수제오이무피클
835,김밥볶음밥 구운김 미소된장국 양파장아찌 통등심돈까스 배추김치 짜먹는요구르트
836,찹쌀밥 황태감자달걀국 갈릭후레이크떡말이 석박지 혼합시리얼 흰우유 딸기아몬드
837,홍국쌀밥 쫄면채소무침 크림빵 참치김치찌개 돈육달걀장조림 열무김치
838,찹쌀밥 쇠고기육개장 계란찜 발사믹샐러드 파프리카잡채 석박지 딸기맛포켓팝콘
839,김자반찹쌀밥 로제푸실리파스타 두부김치국 바베큐닭다리살꼬치 비요뜨
840,햄채소볶음밥 짬뽕국물 배추김치 리얼통살생선가스 플리또
841,찹쌀밥 돈육김치찌개 감자버터구이 언양식바싹불고기 총각김치 조각파인애플
842,찹쌀밥 마들렌 시금치된장국 매콤진미채견과볶음 스팸구이 케첩 무말랭이김치 제주감귤주스
843,십삼곡밥 감자짜글이찌개 연두부찜 양념장 머위들깨볶음 벌집감자튀김 케첩 닭강정 배추김치 사과
844,흑미밥 우렁된장찌개 오향장육 골뱅이소면무침 보쌈김치 사과
845,찹쌀밥 닭곰탕 오이부추무침 새싹함박스테이크 깍두기 튼튼칼슘롤 바나나
846,찹쌀밥 두부담은찰도그롤 전통순대국 아삭이고추쌈장무침 국물떡볶이 석박지 포도주스
847,참치야채비빔밥 순두부백탕 김치피자탕수육 단무지무침 열무김치 사랑해사과C주스
848,추가밥 어묵우동 닭카레볶음 꼬들단무지 총각김치 청포도코코푸딩 허니버터아몬드
849,치킨마요덮밥 유부김치국 콩나물무침 열무김치 꿀떡 바람떡 빠삐코
850,하이라이스 김치콩나물국 토마토구슬치즈샐러드 양념닭강정 깍두기 모닝빵 딸기쨈
851,찹쌀밥 소면설렁탕 주먹완자전 올미트콤보피자 석박지 청포도사과주스
852,차수수밥 황태감자달걀국 탕평채 오리훈제채소볶음 된장깻잎찜 배추겉절이
853,찹쌀밥 시래기된장국 멸치견과류볶음 김치볶음김가루 계란후라이 스팸구이 갈비만두 딸기요플레
854,찹쌀밥 쇠고기두부탕국 매콤돼지갈비떡찜 아몬드멸치볶음 무말랭이김치 모닝빵 딸기잼 바나나우유
855,강황쌀밥 온두부 참치김치볶음 미트볼펜네조림 사골우거지된장국 도라지오이무침 골드파인애플
856,자율밥김자반 죽 쫄면야채무침 석박지 상큼한레몬에이드 약과 회오리감자
857,찹쌀밥 김치가마보꼬어묵국 초코몬드 응원리얼소시지바 머스터드 석박지 자장덮밥소스 혼합시리얼 흰우유
858,버섯카로틴쌀밥 모듬햄부대찌개 라면사리 꼬들무채장아찌 충무식오징어 어묵무침 달걀말이 깍두기 사케이요구르트
859,삼겹살김치볶음밥 인절미토스트 쇠고기미역국 감자채볶음 계란후라이 열무김치
860,찹쌀밥 쇠고기미역국 잔멸치깻잎조림 볶음김치 옛날소시지 케첩 호밀사과파이 아이러브요거트
861,추가밥 열무물냉면 골뱅이사과무침 수제채소튀김 석박지 수박
862,찹쌀밥 반반한핫도그 순대돼지고기국 아삭이고추된장무침 오징어김치전 보쌈김치 도시락김
863,찹쌀밥 우리밀허니카스테라 몽글순두부짬뽕탕 숙주맛살무침 치즈닭갈비 배추김치 거봉
864,오징어덮밥 미소미역된장국 배추겉절이 수제카레난치즈피자 청포도사과주스
865,자율밥김자반 우동 오색피클 떡볶이 김말이튀김 배추김치 얼린자두맛쥬시쿨
866,밥 김치볶음 소시지구이 김가루 건새우아욱감자된장국 자장떡볶이 깍두기 무지개떡 미숫가루
867,완두콩밥 양송이크림스프 무생채 순대채소볶음 치즈함박 달걀후라이 데미S 배추김치 수리취떡
868,찹쌀밥 두부고추장찌개 영양갈비찜 치즈계란찜 보쌈김치 로키로드쿠키
869,찹쌀밥 맑은콩나물국 오리훈제 찐만두 바나나우유 깻잎무쌈
870,흑미밥 순두부연포탕 안동찜닭넙적당면 오징어사과초무침 배추김치
871,찹쌀밥 떡국 우리밀오트크랜베리쿠키 돈육데리야끼구이 깍두기 초코우유
872,곤드레콩나물밥 양념간장 근대된장국 황도파인샐러드 요거트애플D 수제김치피자탕수육 김구이 열무김치
873,찹쌀밥 참치김치찌개 찹스테이크감자조림 탕평채 열무김치 막대아이스크림
874,삼겹살김치볶음밥 팽이버섯미소장국 달걀후라이 응원리얼소시지바 머스터드 나박김치 상큼한사과주스 콘시리얼바견과바
875,혼합십곡밥 동태쑥갓탕 토마토파프리카무침 돈육버섯고추장불고기 배추김치 엔요 마카로니콘치즈구이
876,흑미밥 건새우무국 비빔막국수 순살닭갈비 수제고구마튀김 레몬무쌈 백김치
877,찹쌀밥 우리찹쌀초코롤 오징어무국 김치닭살볶음 무말랭이김치 시원해유
878,혼합십곡밥 달걀부추국 마파어두부덮밥소스 배추김치 초코설기 수제치킨퀘사디아 수박
879,자장덮밥 짬뽕국 의성마늘 갈비 롤만두 오이도라지무침 배추김치 바나나
880,찹쌀밥 딸기크림도지마롤 참치김치찌개 달걀장조림 스팸구이 케첩 복숭아음료
881,찰보리밥 쫄면채소무침 등뼈우거지국 가자미살빵가루튀김 깍두기 엔요
882,김가루밥 열무물냉면 닭장각오븐구이 깍두기 조각파인애플
883,찹쌀밥 황태감자달걀국 연탄오리불고기 파채 깻잎 볶음김치 허쉬드링크초콜렛 김구이
884,완두콩밥 로제크림소스스파게티 열무해물된장국 매콤돼지갈비떡찜 시금치옥수수알무침 배추김치 골드파인애플
885,흑미밥 들깨수제비국 순대야채볶음 햄야채계란말이 배추김치 수박
886,찹쌀밥 대만샌드위치 찐만두 깍두기 자장덮밥소스 스위트플럼주스
887,강황쌀밥 칼슘우리밀초코조각케익 쇠고기미역국 꼬들무채장아찌 떡잡채 돈육버섯고추장불고기 깍두기
888,찹쌀밥 부대찌개 찹쌀콩멸치볶음 돈육메추리알장조림 파래김자반 석박지 엔요
889,달걀밥 호박잎감자된장국 옛날소시지 케첩 모닝빵 딸기잼 비요뜨
890,찰보리밥 메기주꾸미쑥갓탕 진미채견과볶음 치커리사과무침 수제김치함박스테이크 나박김치 상큼한사과주스
891,흑미밥 쇠고기무국 연두부찜 콩나물무침 치즈불닭 깍두기 양념장
892,카레새우볶음밥 미소미역된장국 돈까스 총각김치 딸기우유 콘시리얼바견과바
893,김밥멸치주먹밥 모듬꼬치어묵국 매콤허니콤보 석박지 자두
894,흑미밥 건새우무국 토마토구슬치즈샐러드 미나리무생채 새송이 통마늘구이 한돈소금구이 보쌈김치
895,삼겹살김치볶음밥 링츄러스 맑은콩나물국 닭봉소금구이 총각김치 짜요짜요
896,현미찹쌀밥 근대콩나물된장국 연탄오리불고기 파채 깻잎 저염고등어카레구이 열무김치 바나나
897,비빔밥 팽이버섯된장국 치즈떡 비엔나케첩볶음 계란후라이 배추김치 워터멜론에이드
898,찹쌀밥 소면설렁탕 베이컨감자채볶음 달걀말이 석박지 후룻볼
899,추가밥 자장면 짬뽕국 꼬들단무지무침 배추김치 오렌지주스 치즈소시지핫도그
900,찹쌀밥 차승원표닭곰탕 당면사리 토마토소스등갈비구이 고구마맛탕 석박지 빠삐코
901,파인애플카레라이스 팽이버섯미소장국 초코몬드 치킨브리또 깍두기 쁘띠첼
902,강황쌀밥 호박잎감자된장국 돈육달걀장조림 양념깻잎지 망고토마토샐러드 키위D 해물우동볶음 배추겉절이
903,흑미밥 등뼈감자탕 계란찜 온두부 참치김치볶음 석박지 천사채샐러드
904,찹쌀밥 떡국 임실고구마치즈롤 감자채햄볶음 비엔나치즈떡볶음 깍두기 에이요요구르트
905,기장쌀밥 소면설렁탕 아삭이고추쌈장무침 삼색묵김무침 오징어김치전 석박지 수박
906,쇠고기콩나물밥 탕수육 생김구이 꼬치없는 떡꼬치 두부김치국 열무김치 양념장
907,찹쌀밥 우리밀허니카스테라 어묵김치볶음 수제언양식숯불고기 메론두유 김구이
908,산채비빔밥 우렁감자된장찌개 한우약고추장 달걀후라이 라이스틱 배추겉절이 제주감귤주스
909,닭갈비비빔밥 콩가루배추국 명엽채볶음 오꼬노미야끼 깍두기 조각파인애플
910,오므라이스 지단포함 우리밀우리쌀초코파이 두부김치국 치킨너겟 머스터드 깍두기 위편한구트
911,기장쌀밥 전복닭장각삼계탕 콩나물부추무침 순대채소볶음 깍두기 메로나튜브
912,찹쌀밥 잔치국수 한돈수육 무말랭이김치 레몬무쌈 보쌈김치 뽕따
913,찹쌀밥 김자반 죽 바베큐닭다리살꼬치 깍두기 길거리토스트 워터젤리
914,홍국쌀밥 참치김치찌개 황도파인샐러드 키위D 통등심돈까스 모듬채소피클 엔요 옥수수버터구이 어니언시즈닝
915,햄치즈밥버거 떡국 크링클컷 케첩 깍두기 짜먹는요구르트 우리쌀 크런치 찹쌀떡
916,찹쌀밥 카카오크런치뚱카롱 아욱수제비국 오리훈제 스크램블드에그 보쌈김치 사케이요구르트
917,차조쌀밥 김치가마보꼬어묵국 우렁쌈장 오향장육 석류무쌈 상추부추겉절이 새송이 통마늘구이 무말랭이김치 골드파인애플
918,참치야채비빔밥 어묵국 통곡물뮤즐리멸치볶음 크리미어니언수제치킨 백김치 딸기우유
919,찹쌀밥 티라미수케이크 몽글순두부짬뽕탕 뱅어포구이 수제등갈비구이 총각김치 바나나라떼
920,찹쌀밥 대패불고기채소덮밥소스
921,카레라이스 우동국물 통살새우까스 깍두기 무말랭이김치 초록마을 부드러운와플
922,찹쌀밥 들깨수제비국 마파두부 까르보나라쌀스파게티 꼬들단무지 튼튼칼슘롤 딸기바나나라떼
923,오므라이스 지단포함 얼큰콩나물국 닭봉구이 양념반달감자튀김 석박지 수박
924,셀프김밥 미소된장국 오리훈제구이 머스터드 깍두기 명과수정과
925,찹쌀밥 육개장 갈비왕교자 스팸구이 열무김치 바나나핫케익 딸기쨈 골드파인애플
926,쥐눈이콩밥 미트볼펜네조림 쇠고기부추영양탕 골뱅이무침 소면 꽈리고추멸치볶음 총각김치 바나나
927,찹쌀밥 죽 쫄면야채무침 통등심돈까스 깍두기 오렌지주스
928,밥 김치볶음 소시지구이 김가루 마들렌 열무된장국 달걀후라이 치즈스틱 케첩 플리또
929,찰옥수수밥 동태쑥갓탕 녹차고추냉이무쌈 사각어묵볶음 돈오븐구이 보쌈김치
930,찹쌀밥 모닝빵감자샌드위치 설렁탕 소면 치커리사과무침 소떡소떡꼬치 석박지
931,찹쌀밥 떡만두국 돈육메추리알장조림 멸치고추장볶음 석박지 아이러브요거트
932,마크니카레소스덮밥 우동국물 취나물무침 깍두기 리얼통살생선가스 멜론
933, 죽 불고기바게트샌드위치 진미채야채무침 석박지 포카리스웨트 무지개떡g
934,죽 삶은달걀 배추김치 플리또 에그타르트 혼합시리얼 
935,현미찹쌀밥 두부호박된장국 치즈닭갈비 김치단무지어묵잡채 열무김치 에이요요구르트
936,찹쌀밥 쇠고기미역국 매운돼지갈비찜 감자채볶음 배추김치 과일샐러드
937,카레새우볶음밥 아욱감자된장국 소보로치킨텐더 머스터드 무말랭이김치 딸기두유 스마일약과
938,햄채소볶음밥 표고미역국 달걀후라이 소보로회오리감자튀김 배추겉절이 수박 꿀떡
939,도토리묵국 찹쌀밥 파프리카잡채 부추파절이 제육볶음 깍두기 상하목장 유기농 요구르트
940,찹쌀밥 한방한우갈비탕 두부조림 콩나물부추무침 깍두기 딸기아이스찰떡 곡물그대로
941,흑미밥 부대찌개 비빔막국수 달걀 수제언양식숯불고기 어린잎샐러 깍두기 오렌지
942,김밥볶음밥 구운김 바지락콩나물국 삶은달걀 궁중떡볶이 배추김치 올때 메로나 튜브
943,깍두기스팸볶음밥 달걀후라이 콤비네이션 카카오크런치뚱카롱 미소미역된장국 동치미 시원해유
944,추가밥 잔치국수 감자핫도그 저염오이지무침 김치볶음 설레임
945,찹쌀밥 블루베리머핀 얼큰콩나물국 연탄오리불고기 파채 깻잎 사각어묵볶음 배추겉절이 복숭아음료
946,차조쌀밥 참치김치찌개 오향장육 석류무쌈 상추부추겉절이 새송이 통마늘구이 보쌈김치
947,찹쌀밥 떡국 크리미어니언수제치킨 깍두기 연두부찜 양념장 엔요
948,찹쌀밥 달걀찜 등심마니카츠 크림커리 모듬채소피클 달고나치즈아이스케이크 옥수수수프
949,찰보리밥 부대찌개 순대채소볶음 가자미살빵가루튀김 깍두기 에이요요구르트
950,현미찹쌀밥 설렁탕 면사리 치즈불닭 크링클컷 케첩 석박지 식혜
951,대패불고기채소덮밥 미소미역된장국 새우쏙쏙가마보꼬스틱 아몬드멸치볶음 핑크보스톤 석박지
952,오징어덮밥 달걀부추국 배추김치 치즈소시지핫도그 곡물그대로 거봉
953,카레라이스 통살새우까스 깍두기 수제모닝빵 딸기쨈 수박과일화채
954,찹쌀밥 김자반 햄치즈샌드위치 황태감자달걀국 매콤돼지갈비떡찜 무말랭이김치 가나초콜렛우유
955,강황쌀밥 육개장 삼색묵김무침 수제언양식숯불고기 어린잎샐러 석박지 플리또
956,차조밥 순두부백탕 햄야채계란말이 한돈오븐구이 레몬무쌈 배추김치 청포도후레쉬
957,찹쌀밥 우리밀우리쌀초코파이 감자버섯수제비국 마파두부 닭다리살꼬치 배추겉절이 딸기우유
958,혼합십곡밥 근대콩나물된장국 닭갈비 옛날소세지전 열무김치 골드파인애플
959,김밥멸치주먹밥 우동한그릇 깍두기 찹쌀쫀도그 케첩 포도푸딩
960,찹쌀밥 김자반 죽 콤비네이션 진미채엿장조림 깍두기 바나나우유
961,흑미밥 온두부 참치김치볶음 쇠고기버섯무국 수제매콤떡갈비 무말랭이무침 수박
962,찹쌀밥 맑은순살아귀탕 매운돼지갈비찜 삼색나물무침 양념장 깍두기 조각파인애플
963,깍두기참치볶음밥 달걀후라이 모듬어묵국 우리밀허니카스테라 토네이도소시지구이 찐만두 초코두유
964,차조쌀밥 표고미역국 장각구이 마파어두부덮밥소스 석박지 메로나튜브
965,찹쌀밥 옥수수스프 쫄면야채무침 통등심돈까스 깍두기 수제후르츠요거트
966,찹쌀밥 로키로드쿠키 감자짜글이찌개 쇠고기장조림 동전쥐포볶음 짜요짜요
967,차수수밥 로제크림소스스파게티 오징어무국 수육 새우젓 석류무쌈 치커리사과무침 보쌈김치
968,오므라이스밥 지단 우동국물 알감자버터구이 배추김치 용가리치킨 머스터드 상하목장 유기농 요구르트
969,찹쌀밥 근대콩나물된장국 오리훈제 자장떡볶이 에이요요구르트 곡물그대로 깻잎무쌈
970,카레소스덮밥 우리밀마늘빵스틱 김치콩나물국 소보로회오리감자튀김 깍두기 워터젤리
971,찹쌀밥 등뼈감자탕 언양식바싹불고기 순살가자미카레튀김 석박지 사과
972,추가밥 김자반 죽 고구마케이크 무말랭이김치 스위트플럼주스 시리얼 
973,홍국쌀밥 얼갈이배추들깨국 애호박느타리버섯볶음 치즈떡볶이 통등심돈까스 배추김치 바나나
974,찹쌀밥 미소된장국 멸치견과류볶음 찐옥수수 김치볶음김가루 계란후라이 스팸구이 짜먹는요구르트
975,찹쌀밥 마들렌 쇠고기두부탕국 달걀장조림 총각김치 통살새우까스 워터젤리
976,기장쌀밥 구운도넛 황태감자달걀국 삼치살엿장조림 연탄오리불고기 파채 깻잎 깍두기
977,흑미밥 수제피자핫도그 차승원표닭곰탕 당면사리 영양갈비찜 도토리묵무침 석박지
978,날치알스팸김치볶음밥 찹쌀쫀도그 떡만두국 무말랭이김치 김구이 엔요
979,콩나물밥 양념장 두부김치국 크리미어니언수제치킨 열무김치 무지개떡 멜론
980,삼색소보로덮밥 쇠고기미역국 의성마늘 고기왕 만두 깍두기 빠삐코 초간장
981,달걀밥 참치김치찌개 뮤즐리멸치볶음 싸먹는햄 콘치즈마약옥수수사각피자 배추겉절이
982,혼합팔곡 유부김가루국 양념깻잎지 돈육검은깨두부조림 달걀말이 총각김치 골드파인애플
983,찹쌀밥 우렁된장찌개 오향장육 비빔막국수 보쌈김치 딸기우유
984,추가밥 김자반 어묵우동 파운드초코 치즈스틱 케첩 꼬들단무지 보쌈김치 플리또
985,현미찹쌀밥 대패고추장불고기 우렁두부된장찌개 곤드레나물잡채 보쌈김치 수제카레난치즈피자
986,흑미밥 쇠고기당면국 부추발사믹샐러드 오리훈제구이 머스터드 레몬무쌈 배추김치 도시락김
987,밥 볶음김치 스팸구이 김가루 맑은콩나물국 스트링치즈어묵바 후르츠생크림모닝빵 아침에주스
988,찹쌀밥 쫄면채소무침 만두육개장 아삭이고추쌈장무침 깍두기 리얼통살생선가스 엔요
989,찹쌀밥 자장면 짬뽕국 꼬들무채장아찌 닭장각오븐구이 배추김치
990,찹쌀밥 등뼈우거지국 카레감자햄볶음 갈릭후레이크떡말이 검은콩두유 바나나
991,삼선자장덮밥 달걀부추국 참나물고추장무침 깍두기 오렌지주스 수제치킨퀘사디아
992,찹쌀밥 미니팬케이크 메이플시럽 부대찌개 찹스테이크감자조림 청포묵김가루무침 석박지
993,김밥볶음밥 에그머핀 아욱수제비국 소떡꼬치 깍두기 가나초콜렛우유
994,산채비빔밥 열무된장국 한우약고추장 달걀후라이 고구마땅콩맛탕 열무김치 워터젤리
995,흑미밥 우렁된장찌개 파프리카잡채 제육고추장볶음 레몬무쌈 보쌈김치 짜먹는요구르트
996,찹쌀밥 참치김치찌개 수제언양식숯불고기 깻잎채 뱅어포구이 총각김치 딸기우유 스마일약과
997,찰보리밥 아귀맑은탕 열무비빔냉면 김치치즈함박스테이크 깍두기 플리또
998,찹쌀밥 등뼈감자탕 달걀장조림 치즈떡 비엔나케첩볶음 석박지 조각파인애플
999,찹쌀밥 오징어무국 달걀찜 초코몬드 치즈닭갈비 깍두기 아이러브요거트 마쉬멜로
1000,찰옥수수밥 오색옹심이미역국 콩나물부추무침 새송이 통마늘구이 돈오븐구이 배추김치 사과
1001,찹쌀밥 김치콩나물국 진미채엿장조림 비엔나치즈떡볶음 미숫가루 딸기아이스찰떡
1002,차조쌀밥 우리밀우리쌀초코파이 쇠고기미역국 돼지갈비김치떡찜 부추잡채 찹쌀콩멸치볶음 총각김치
1003,죽 해물볶음우동 해쉬브라운 깍두기 오렌지주스 쇼콜라 아몬드쿠키
1004,찹쌀밥 대패고추장불고기 몽글순두부짬뽕탕 숙주맛살무침 배추김치 에그타르트 플리또
1005,홍국쌀밥 황태감자달걀국 노각무침 자장떡볶이 노랑만두깐쇼새우튀김 배추김치 방울토마토
1006,찹쌀밥 미소된장국 토마토스파게티 양념닭강정 배추김치 짜먹는요구르트
1007,죽 햄치즈샌드위치 깍두기 혼합시리얼 엔요 부드러운와플
1008,불닭마요덮밥 우동국물 라이스틱 깍두기 초코설기 골드파인애플
1009,현미찹쌀밥 설렁탕 순대야채볶음 석박지 연두부찜 양념장 포도푸딩
1010,찹쌀밥 로키로드쿠키 부대찌개 석류무쌈 오리훈제 머스터드 무말랭이김치 짜요짜요
1011,찰보리밥 등뼈우거지국 골뱅이무침 소면 저염고등어카레구이 석박지 상큼한사과주스
1012,오므라이스밥 지단 건새우무국 오색피클 갈떡궁합꼬치 배추김치 딸기요플레
1013,찹쌀밥 떡국 갈릭크로와상 카레감자햄볶음 오징어김치전 석박지 후룻볼
1014,차수수밥 닭개장 도토리묵김치무침 미역줄기맛살볶음 수제언양식숯불고기 깻잎채 깍두기 골드키위
1015,흑미밥 짬뽕국 토마토소스등갈비구이 달걀말이 백김치 도시락김
1016,찹쌀밥 파운드초코 돼지갈비김치찌개 비엔나치즈떡볶음 소보로치킨텐더 머스터드 열무김치 제주감귤주스
1017,버섯카로틴쌀밥 부대찌개 삼치살엿장조림 충무식오징어 어묵무침 총각김치 호밀사과파이
1018,새우살볶음밥 쇠고기미역국 크리미어니언수제치킨 꼬치없는 떡꼬치 깍두기 조각파인애플
1019,찹쌀밥 떡만두국 달걀장조림 피자치즈롤가스 석박지 콘시리얼바견과바 복숭아음료
1020,기장쌀밥 참치김치찌개 안동찜닭 해물우동볶음 동치미 짜요짜요
1021,흑미밥 순두부백탕 한돈수육 비빔막국수 아삭이고추된장무침 보쌈김치 석류쌈무
1022,날치알스팸김치볶음밥 김가루 팽이버섯미소장국 닭다리살꼬치 동치미 바나나우유 감귤
1023,현미찹쌀밥 감자핫도그 유부김치국 마파어두부덮밥소스 석박지 사과
1024,참치김치치즈밥버거 떡국 알감자버터구이 양파장아찌 깍두기 상하목장 유기농 요구르트
1025,달걀밥 얼큰콩나물국 김치볶음 싸먹는햄 김구이 비요뜨
1026,강황쌀밥 아욱얼갈이수제비국 달걀찜 황도파인샐러드 키위D 베이컨감자채볶음 돈육버섯고추장불고기 열무김치
1027,"흑미밥 녹두닭곰탕 사태떡찜 ""월 제철 참나물""유자샐러드 고구마맛탕 석박지"
1028,찹쌀밥 김자반 죽 대만샌드위치 치즈떡볶이 깍두기 아침에주스
1029,어묵우동 수제통살치킨버거 깍두기 단무지 망고주스 바나나
1030,단호박카레라이스 우리쌀밤파운드 달걀부추국 두부송이고기완자 케첩 깍두기 아침에주스
1031,홍국쌀밥 쫄자장면 몽글순두부짬뽕탕 꼬들단무지무침 고구마치즈돈까스 깍두기 감귤후루츠푸딩
1032,흑미밥 참치김치찌개 두부구이돈양념 순살닭갈비 깍두기 딸기맛포켓팝콘
1033,찹쌀밥 가마보꼬어묵쑥갓탕 동전쥐포볶음 매콤돼지갈비떡찜 총각김치 곡물그대로 워터젤리
1034,차조쌀밥 육개장 오리훈제채소볶음 뱅어포구이 배추겉절이 꿀치즈토마토
1035,찹쌀밥 수제피자핫도그 순대돼지고기국 순살가자미카레튀김 석박지 귤
1036,콩나물밥 양념장 해물수제비국 스트링치즈어묵바 총각김치 딸기우유 메이플피칸파이
1037,찹쌀밥 크림스프 미트소스스파게티 배추김치 수제오이무피클 골드파인애플 뱅글뱅글소시지튀김
1038,도토리묵국 흑미밥 부추파절이 새송이 통마늘구이 한돈소금구이 보쌈김치 고추냉이쌈무 허쉬초코우유
1039,오므라이스 지단포함 레밍턴초코케이크 카레닭봉구이 석박지 엔요
1040,쥐눈이콩밥 대패간장불고기 우렁두부된장찌개 김치단무지어묵잡채 석박지 감귤
1041,흑미밥 떡국 매운돼지갈비찜 감자채햄볶음 배추김치 짜먹는요구르트
1042,밥 김치볶음 소시지구이 김가루 파인애플불고기피자 얼큰콩나물국 아이러브요거트 크런키초코스틱
1043,하이라이스 완두콩밥 맑은미역국 비름나물고추장무침 수제오징어링 단호박튀김 깍두기 캐플주스
1044,카레라이스 북어계란국 감자찐만두 초간장 새우튀김 깍두기
1045,찹쌀밥 티라미수케이크 감자짜글이찌개 연탄오리불고기 파채 깻잎 달걀말이 총각김치
1046,찰보리밥 도토리묵채국 수육 새우젓 녹차고추냉이무쌈 양파간장장아찌 콩나물부추무침 사케이요구르트
1047,쇠고기콩나물밥 들깨수제비국 김치피자탕수육 열무김치 카프리제토마토샐러드 파인애플주스
1048,찹쌀밥 우리밀허니카스테라 떡국 푸실리미트볼조림 보쌈김치 초코두유 김구이
1049,김밥멸치볶음밥 얼큰콩나물국 해물교자만두튀김 깍두기 송편 제주감귤주스
1050,찹쌀밥 우리밀마늘빵스틱 크림스프 김치볶음 돈까스 단무지 플리또 김구이
1051,흑미밥 우리밀초코칼슘조각케익 오색옹심이미역국 돼지갈비김치떡찜 햄달걀말이 배추김치
1052,흑미밥 꽃게찌개 맛살미역줄기볶음 한돈오븐구이 레몬쌈무 배추김치 딸기우유
1053,추가밥 김자반 어묵우동 감자고기찐만두 새우튀김 깍두기 곡물그대로 워터젤리
1054,혼합십곡밥 순두부연포탕 열무비빔냉면 곤드레나물무침 깻잎감자탕수육 보쌈김치 골드파인애플
1055,클로렐라쌀밥 돈육김치찌개 사태떡찜 순살고등어카레튀김 석박지 과일샐러드
1056,오징어덮밥 콩나물 김가루포함 우리밀찰핫도그 미소미역된장국 배추겉절이 머스캣음료 부드러운와플
1057,단호박카레라이스 수제피자핫도그 들깨무채국 깍두기 비피더스명장
1058,찹쌀밥 떡국 순살안동찜닭 양념깻잎지 청포묵김가루무침 배추김치
1059,찹쌀밥 고구마케이크 쇠고기두부탕국 햄달걀찜 스팸구이 불가리스
1060,강황쌀밥 치즈미트볼감자데리야끼조림 아욱수제비국 양상추샐러드 키위드레싱 도토리묵김치무침 무말랭이쪽파무침
1061,김자반밥 죽 우리밀마늘빵스틱 토마토스파게티 오이피클 최고야포도C주스
1062,찹쌀밥 열무된장국 연두부찜 양념장 돼지갈비떡찜 초코몬드 보쌈김치 비요뜨
1063,찰보리밥 오븐에구운도넛 부대찌개 장각구이 석박지 엔요
1064,찹쌀밥 들깨수제비국 눈꽃치즈샐러드 수제고구마튀김 오리훈제구이 머스터드 보쌈김치 고추냉이쌈무
1065,찹쌀밥 동태쑥갓탕 돈육메추리알장조림 스트링치즈산적 무말랭이김치 베리베리땡큐바 파인주스
1066,홍국쌀밥 육개장 우엉쌈장 콩나물부추무침 통등심돈까스 깍두기 파프리카스틱 아삭이고추 밥알없는식혜
1067,참치야채비빔밥 새알만두국 알감자버터구이 진미채간장조림 배추김치 증편g
1068,찹쌀밥 들깨수제비국 달걀장조림 수제등갈비구이 동치미 검은콩현미칩 사과주스
1069,통밀쌀밥 아욱감자된장국 오향장육 레몬무쌈 부추양배추무침 발사믹 새송이 통마늘구이 보쌈김치
1070,치킨마요덮밥 반반한핫도그 청양초콩나물국 단무지무침 배추김치 엔요
1071,카레새우볶음밥 청키초코수프림쿠키 두부김치국 스트링치즈어묵바 나박김치 플리또
1072,오징어덮밥 콩나물 김가루포함 바지락살두부새우젓국 들깨무나물 크리미어니언수제치킨 배추겉절이 카사바칩 비피더스명장
1073,흑미밥 건새우아욱된장국 매운돼지갈비찜 배추김치 연두부찜 양념장 직접갈은 바나나우유
1074,찹쌀밥 팡오쇼콜라 떡만두국 숙주맛살무침 피자치즈롤가스 포도주스
1075,기장쌀밥 감자짜글이찌개 연탄오리불고기 파채 깻잎 꽃맛살채소볶음 열무김치 상큼한사과주스 곡물그대로
1076,찹쌀밥 설렁탕 면사리 돈육메추리알장조림 오꼬노미야끼 석박지 조각파인애플
1077,찹쌀밥 대패간장불고기 닭곰탕 멸치고추장볶음 석박지 쁘띠첼 크런키초코스틱
1078,미트소스스파게티 혼합십삼곡밥 몽글순두부짬뽕탕 가자미살빵가루튀김 배추김치 감귤
1079,흑미밥 쇠고기부추영양탕 두부구이돈양념 파프리카잡채 보쌈김치 비요뜨 쿠키앤크림
1080,찹쌀밥 햄치즈샌드위치 북어감자국 자장떡볶이 칼슘고기완자 케첩 보쌈김치 망고주스
1081,단호박카로틴쌀밥 김치어묵국 숙주맛살무침 황도파인샐러드 딸기D 해쉬브라운 케첩 치즈함박 볶은채소 데미S 깍두기
1082,찹쌀밥 닭장각백숙 아삭이고추된장무침 오징어김치전 석박지 바람떡 도시락김
1083,찹쌀밥 쇠고기버섯무국 오리훈제 허니머스터드D 블루베리무쌈 햄스크램블드에그 무말랭이김치
1084,차조쌀밥 돼지갈비김치찌개 달걀찜 국물떡볶이 김말이튀김 총각김치 단팥빵
1085,자율밥김자반 잔치국수 브로콜리 초장 매콤치킨텐더 허니머스터드 배추겉절이 바나나
1086,오므라이스 지단포함 들깨무채국 응원리얼소시지바 머스터드 나박김치 식빵토스트 딸기쨈
1087,삼겹살날치알김치볶음밥 김가루 맑은콩나물국 양상추샐러드 오리엔탈D 달걀후라이 나박김치 캐플주스 메이플피칸파이
1088,기장밥 우렁된장찌개 오이스틱 쌈장 한돈수육 양파장아찌 애호박전 보쌈김치
1089,죽 어묵김치볶음 통살새우까스 곡물그대로 시리얼 요플레토핑
1090,모둠콩밥 꽃게탕 양배추참깨흑임자드레싱 돈육버섯고추장불고기 김치단무지어묵잡채 열무김치 골드파인애플
1091,불닭마요덮밥 미니크루아상 딸기쨈 순두부백탕 마카로니콘치즈구이 배추김치
1092,찹쌀밥 새알심미역국 연탄오리불고기 파채 깻잎 매콤콩나물무침 보쌈김치 검은콩두유 후르츠생크림모닝빵
1093,혼합팔곡 도토리묵채국 카레닭봉구이 골뱅이무침 소면 깍두기 방울토마토
1094,죽 튼튼햄버거 깍두기 회오리감자 오라떼
1095,찹쌀밥 달걀부추국 치킨너겟 머스터드 깍두기 자장덮밥소스 단팥빵 액티비아드링크
1096,흑미밥 해물볶음우동 등뼈김치우거지국 사과무생채 해물우동볶음 열무김치 포도주스 수제치킨퀘사디아
1097,돈가스덮밥 유부미소된장국 황도파인샐러드 키위D 수제씨앗호떡g 깍두기 엔요
1098,찹쌀밥 프렌치토스트 돼지갈비김치찌개 아몬드멸치볶음 수제언양식숯불고기 나박김치 딸기우유
1099,현미찹쌀밥 전주식순대국 아삭이고추쌈장무침 돈육검은깨두부조림 호박깻잎맛살감자전 총각김치 사과
1100,찹쌀밥 영양닭곰탕 스모그햄전 코다리강정 석박지 조각파인애플
1101,찹쌀밥 김자반 어묵우동 수제초코파이 소떡꼬치 단무지 그릭요거트
1102,김밥볶음밥 팽이버섯미소장국 배추김치 수제오븐치즈토스트 파인주스 절편
1103,강황쌀밥 연탄오리간장불고기 부추파절이 새송이 통마늘구이 두부김치국 열무김치 무지개떡
1104,찹쌀밥 블루베리머핀 스팸김치찌개 돈육데리야끼구이 오징어사과초무침 총각김치 바나나우유
1105,차수수밥 소면설렁탕 저염고등어무조림 순대채소볶음 애호박느타리버섯볶음 석박지 감귤
1106,삼겹살김치볶음밥 쇠고기미역국 고구마떡맛탕 깍두기 닭꼬치 사랑해사과C주스
1107,찹쌀밥 링츄러스 오징어무국 알감자버터구이 치즈불닭 무말랭이김치 딸기두유
1108,추가밥 잔치국수 마들렌 파닭 배추김치무침 비피더스명장
1109,찹쌀밥 떡국 카레감자햄볶음 비엔나치즈떡볶음 깍두기 초코두유 소보루빵
1110,기장쌀밥 쇠고기미역국 양념깻잎지 김치닭살볶음 부추잡채 흰색앙금절편
1111,오므라이스밥 지단 얼갈이된장국 꼬치없는떡꼬치 깍두기 용가리치킨 머스터드 비피더스명장포도
1112,찹쌀밥 브라우니초코케이크 맑은콩나물국 새우젓양념 부추양파겨자무침 사각어묵볶음 족발구이 무말랭이김치
1113,차수수밥 생새우살아욱국 시금치무침 푸실리미트볼조림 저염고등어카레구이 배추김치 사과
1114,쇠고기콩나물밥 해물수제비국 통곡물뮤즐리멸치볶음 스모그햄전 닭장각오븐구이 열무김치 양념장
1115,삼겹살김치볶음밥 김가루 블루베리쨈샌드위치 미소미역된장국 달걀후라이 응원리얼소시지바 머스터드 나박김치 플리또
1116,찹쌀밥 로제크림소스스파게티 브로콜리치즈스프 양상추샐러드 오리엔탈D 배추김치 수제오이무피클 뱅글뱅글소시지튀김
1117,흑미밥 대패고추장불고기 쇠고기당면국 부추파절이 레몬쌈무 보쌈김치 연두부찜 양념장
1118,찹쌀밥 우리밀오곡찐빵 부대찌개 콩나물부추무침 고구마치즈롤가스 깍두기 엔요
1119,차조쌀밥 육개장 어묵김치볶음 오리훈제채소볶음 석박지 치즈토마토 발사믹드레싱
1120,클로렐라쌀밥 차승원표닭곰탕 당면사리 숙주나물무침 감자채볶음 언양식바싹불고기 석박지 딸기맛포켓팝콘
1121,단호박카레라이스 우리밀찰핫도그 우리밀칼슘아몬드쿠키 바지락살근대된장국 총각김치 워터젤리
1122,혼합팔곡 대패간장불고기 오징어무국 탕평채 무말랭이쪽파무침 바나나
1123,새우살계란볶음밥 청양초콩나물국 토마토소스등갈비구이 배추김치 꼬물이만두 초간장
1124,찹쌀밥 사골우거지된장국 연탄오리불고기 파채 깻잎 햄달걀말이 총각김치 비요뜨
1125,모둠콩밥 김치콩나물국 해물우동볶음 고구마치즈롤가스 열무김치 사과
1126,흑미밥 감자으깬샐러드 건새우무국 양배추찜 오향장육 보쌈김치 고추냉이쌈무 두부우렁쌈장
1127,죽 오징어먹물고구마피자 초코몬드 김치볶음 시리얼 
1128,통밀쌀밥 매콤어묵쑥갓탕 쌈장 녹차고추냉이무쌈 파채콩나물무침 돈오븐구이 보쌈김치 파프리카스틱 오이스틱 고추
1129,하이라이스 인절미토스트 짬뽕국 통살새우까스 열무김치 엔요
1130,오징어덮밥 콩나물 김가루포함 청키초코수프림쿠키 달걀부추국 닭다리살꼬치 깍두기 캐플주스
1131,곤드레콩나물밥 양념간장 미소미역된장국 메밀전병 열무김치 크런키초코스틱 비피더스명장
1132,찹쌀밥 설렁탕 소면 브로콜리 초장 가래떡츄러스 고구마미트번 석박지
1133,찹쌀밥 김자반 어묵우동 팡오쇼콜라 체다크림치즈스틱 케첩 단무지 플리또
1134,단호박카로틴쌀밥 전통순대국 골뱅이무침 소면 새송이버섯들깨볶음 석박지 바나나
1135,삼겹살김치볶음밥김가루 건새우아욱된장국 돈육메추리알장조림 수제고구마튀김 깍두기 조각파인애플
1136,찹쌀밥 대패고추장불고기 쇠고기미역국 시금치무침 에그타르트 포도주스
1137,홍국쌀밥 쫄자장면 돼지갈비김치찌개 임연수구이 깍두기 김구이
1138,찹쌀밥 해물볶음우동 등뼈감자탕 연두부샐러드 석박지 짜먹는요구르트
1139,찹쌀밥 닭살카레떡볶음 쇠고기두부탕국 육즙가득버섯만두찜 배추김치 검은콩현미칩 사과주스
1140,차조쌀밥 검정깨두부 참치김치볶음 오색옹심이미역국 데리야끼멘츠카츠타워버거 무말랭이진미채무침
1141,찹쌀밥 죽 쫄면야채무침 황도샐러드 키위D 통등심돈가스 깍두기
1142,찹쌀밥 우리밀칼슘붕어빵 등뼈우거지국 날치알달걀찜 치킨너겟 머스터드 배추김치 망고맛스무디
1143,혼합십곡밥 소면설렁탕 오징어사과초무침 전유어 초간장 깍두기 감귤
1144,찹쌀밥 떡국 청포묵김가루무침 치즈불닭 깍두기 달콤배
1145,오므라이스 지단포함 팽이버섯미소장국 스트링치즈어묵바 딸기맛도넛 열무김치
1146,카레햄채소볶음밥 얼큰해물어묵우동 석박지 단무지 엔요 또띠아고구마피자
1147,흑미밥 몽슈슈레인보우롤 부대찌개 양념깻잎찜 두부달걀부침 깍두기 도시락김
1148,찹쌀밥 맑은콩나물국 오리훈제 허니머스터드D 레몬무쌈 매콤감자볶음 보쌈김치 블루베리크림치즈찰떡
1149,현미찹쌀밥 떡만두국 숙주맛살무침 비빔막국수 닭갈비 배추김치
1150,스팸김치마요덮밥 바지락순두부백탕 멕시칸샐러드 고구마떡맛탕 나박김치
1151,찹쌀밥 김치수제비국 자장떡볶이 총각김치 통살새우까스 망고주스 메이플피칸파이
1152,찰보리밥 닭개장 순대채소볶음 햄달걀말이 깍두기 사과
1153,찹쌀밥 자장면한그릇 달걀파국 탕수육 배추김치 단무지 바나나
1154,찹쌀밥 감자짜글이찌개 숙주맛살무침 치즈불닭 배추김치 머스캣음료 부드러운와플
1155,흑미밥 열무해물된장국 돈육버섯고추장불고기 고구마땅콩맛탕 총각김치 감귤
1156,흑미밥 꽃게찌개 매운돼지갈비찜 파프리카잡채 배추김치 사과
1157,찹쌀밥 수제초코파이 오징어무국 돈육데리야끼구이 스트링치즈산적 바나나두유
1158,찰옥수수밥 부대찌개 김치단무지어묵잡채 가자미살빵가루튀김 열무김치 골드파인애플
1159,찹쌀밥 간장 참기름 우동한그릇 순대 떡볶이 햄스크램블드에그 배추김치 단무지
1160,훈제오리새우볶음밥 미니크루아상 얼큰콩나물국 새우튀김 석박지 감귤주스
1161,완두콩밥 달걀부추국 새송이버섯들깨볶음 파닭 깍두기 자장덮밥소스 엔요
1162,흑미밥 맑은콩나물국 쌈장 오향장육 레몬무쌈 부추양파겨자무침 보쌈김치 배 파프리카스틱 오이스틱 고추
1163,강황쌀밥 한방한우갈비탕 저염고등어무조림 달걀찜 배추김치 골드키위
1164,흑미밥 동태쑥갓탕 숙주맛살무침 양상추샐러드 발사믹D 치즈불닭 깍두기 배
1165,찹쌀밥 떡국 돈등심찹스테이크 스테이크S 비름나물고추장무침 애호박느타리버섯볶음 석박지 감귤
1166,김밥 얼큰해물어묵우동 우리밀찰핫도그 배추김치 단감
1167,찹쌀밥 김치콩나물국 잔멸치볶음 햄달걀말이 깍두기 김구이
1168,단호박카로틴쌀밥 누룽지 한방한우갈비탕 당면 쌈장 파채콩나물무침 눈꽃치즈샐러드 키위D 애호박전 해물김치전 통삼겹구이 임연수구이 보쌈김치 메이플피칸파이 유자차 컵과일
1169,찹쌀밥 맑은미역국 콩나물부추무침 새송이버섯들깨볶음 배추김치 통살새우까스 청포도
1170,찹쌀밥 떡국 몬테크리스토샌드위치 새송이버섯들깨볶음 수제언양식숯불고기 열무김치 김구이
1171,기장쌀밥 고구마파이 소고기청국장찌개 매콤돼지갈비떡찜 부추잡채 배추김치
1172,찹쌀밥 청양초콩나물국 멸치견과류볶음 김치볶음김가루 계란후라이 군고구마 스팸구이 백김치 아침에주스
1173,찹쌀밥 닭곰탕 달걀두부구이 양념장 어묵김치볶음 동치미 소보루빵 알알이청포도주스
1174,혼합십곡밥 유부쫄면무침 참치김치찌개 고구마치즈롤가스 깍두기 치즈토마토 발사믹드레싱
1175,찹쌀밥 순대돼지고기국 오이도라지무침 순살가자미카레튀김 석박지 연두부찜 양념장 짜먹는요구르트
1176,햄채소볶음밥 짬뽕국 스트링치즈어묵바 깍두기 자장덮밥소스 망고주스 청포도
1177,삼색소보로덮밥 우동국물 닭다리살꼬치 동치미 감귤주스 흰색앙금절편
1178,흑미밥 새알만두국 파프리카잡채 순살닭갈비 깍두기 쁘띠첼
1179,찹쌀밥 김치콩나물국 새우젓양념 멸치고추장볶음 족발구이 배추김치 크런키초코스틱
1180,찰보리밥 몽글순두부들깨탕 햄달걀말이 임연수구이 깍두기 방울토마토
1181,죽 크링클컷 케첩 튼튼햄버거 깍두기 무지개떡 바나나맛우유
1182,찹쌀밥 매콤어묵쑥갓탕 시금치무침 한우불고기 배추김치 감귤
1183,통밀쌀밥 근대콩나물된장국 연두부찜 양념장 치즈불닭 배추김치 비피더스명장
1184,찹쌀밥 들깨수제비국 눈꽃치즈샐러드 오리훈제채소볶음 수제고구마튀김 보쌈김치 고추냉이쌈무
1185,죽 돈육메추리알장조림 오징어야채어묵바 김치볶음 시리얼 아침에주스
1186,차수수밥 대패고추장콩나물불고기 동태쑥갓탕 배추겉절이 마카로니콘치즈구이 꿀떡
1187,찹쌀밥 닭장각백숙 수제피자핫도그 아삭이고추된장무침 오징어김치전 석박지
1188,찹쌀밥 딸기쨈샌드위치 맑은콩나물국 치즈불닭 사각어묵볶음 깍두기 상큼한사과주스
1189,차조쌀밥 참치김치찌개 쌈장 오향장육 레몬무쌈 파채콩나물무침 보쌈김치 엔요 파프리카스틱 오이스틱 고추
1190,비빔밥 얼갈이된장국 비엔나 치즈떡케첩볶음 계란후라이 백김치 바람떡 조각파인애플
1191,오징어덮밥 김가루포함 팽이버섯미소장국 새우튀김 배추김치 카스테라머핀 플리또
1192,치킨마요덮밥 건새우근대된장국 소떡꼬치 깍두기 곡물그대로 감귤
1193,찹쌀밥 떡국 연근땅콩조림 순살안동찜닭 보쌈김치 사과 도시락김
1194,찹쌀밥 쇠고기버섯무국 오리훈제단호박치즈구이 어묵김치볶음 무말랭이김치 블루베리크림치즈찰떡
1195,버섯카로틴쌀밥 부대찌개 연탄오리불고기 파채 깻잎 베이컨감자채볶음 총각김치 포도주스
1196,찹쌀밥 짬뽕국 양파장아찌 두부달걀부침 탕수육 배추김치
1197,찹쌀밥 들깨수제비국 닭볶음탕 햄달걀찜 배추김치 짜요짜요 호두과자
1198,기장쌀밥 미트볼펜네조림 새알심만두국 뮤즐리멸치볶음 배추김치 상큼한사과주스
1199,찹쌀밥 휘낭시에 육개장 진미채엿장조림 스모그햄전 배추김치 초코우유
1200,혼합십곡밥 닭개장 저염고등어무조림 초코몬드 칼슘고기완자 케첩 깍두기
1201,팥밥 참치김치찌개 콩나물무침 부추파절이 새송이 통마늘구이 한돈소금구이 보쌈김치
1202,찹쌀밥 우리밀칼슘아몬드쿠키 근대콩나물된장국 미역줄기맛살볶음 토마토소스등갈비구이 배추김치 불가리스
1203,찰보리밥 얼큰순대국 쌈장 비엔나치즈떡볶음 새송이버섯들깨볶음 깍두기 사과 파프리카스틱 오이스틱 고추
1204,김밥볶음밥 모듬어묵국 브라우니케익 궁중떡볶이 배추김치 단무지 와사비맛김 구슬아이스크림
1205,어묵우동 호빵 매콤치킨텐더 허니머스터드 단무지 호두아몬드두유
1206,옛날도시락비빔밥 맑은미역국 찹쌀콩멸치볶음 동치미 골드파인애플 또띠아고구마피자
1207,흑미밥 쇠고기미역국 매운돼지갈비찜 청포묵김가루무침 배추김치 과일샐러드
1208,찹쌀밥 등뼈우거지국 숙주맛살무침 해물김치전 깍두기 바나나두유 모짜렐라치즈볼
1209,찹쌀밥 티라미수 나가사키짬뽕 대만식지파이 콘시즈닝 깍두기 단무지 캐플주스
1210,찹쌀밥 우리밀마늘빵스틱 브로콜리치즈스프 콩나물부추무침 통모짜롤까스 배추김치 식혜
1211,차수수밥 우렁살아욱된장국 닭볶음탕 시금치허브소시지프리타타 총각김치 단감
1212,불닭마요덮밥 순두부백탕 황도샐러드 딸기D 배추김치 회오리감자 노지귤
1213,찹쌀밥 쇠고기두부탕국 아몬호두파래돌김자반 어묵김치볶음 칼슘고기완자 케첩 바나나우유
1214,홍국쌀밥 쫄자장면 황태감자달걀국 수제김치피자탕수육 깍두기 파인주스
1215,흑미밥 건새우무국 오향장육 비빔국수 무말랭이무침 레몬쌈무 보쌈김치
1216,대패불고기채소덮밥 햄치즈샌드위치 달걀부추국 명태살두부조림 깍두기 엔요
1217,차조쌀밥 해물수제비국 양상추샐러드 오리엔탈D 오리훈제채소볶음 배추겉절이 김구이 감귤
1218,카레라이스 호호호빵 팽이미소된장국 새우튀김 깍두기 카프리제토마토샐러드
1219,찹쌀밥 꽃게탕 매콤돼지갈비떡찜 베이컨감자채볶음 딸기맛도넛 석박지
1220,찹쌀밥 얼큰해물어묵우동 감자핫도그 깍두기 단무지 비피더스명장
1221,찹쌀밥 몽글순두부들깨탕 미역줄기맛살볶음 비엔나치즈떡볶음 딸기도넛 배추김치
1222,기장쌀밥 우렁두부냉이된장국 파채콩나물무침 눈꽃치즈샐러드 키위D 해물김치전 통오븐구이 보쌈김치
1223,찹쌀밥 팽이미소된장국 토마토스파게티 닭장각오븐구이 깍두기 오이피클 모닝빵 딸기쨈 버터
1224,찹쌀밥 쿠앤크뚱카롱 전복미역국 돈등심찹스테이크 스테이크S 햄스크램블드에그 석박지
1225,얼큰해물어묵우동 튼튼햄버거 깍두기 단무지 제주감귤주스 방울토마토
1226,찹쌀밥 등뼈감자탕 부추파절이 오리훈제구이 머스터드 레몬쌈무 배추김치
1227,날치알스팸김치볶음밥 김가루 초코파이 미소미역된장국 라이스틱 동치미 과일음료
1228,카레햄채소볶음밥 짬뽕국 육즙가득버섯만두찜 깍두기 곡물그대로 청포도
1229,찹쌀밥 모듬어묵국 쫄면야채무침 통등심돈가스 배추김치 엔요
1230,찹쌀밥 아욱감자된장국 콩나물부추무침 한우불고기 깍두기 골드파인애플
1231,찹쌀밥 감자짜글이찌개 안동찜닭 시금치무침 배추김치 김구이 감귤
1232,도토리묵국 새우살계란볶음밥 황도샐러드 키위D 깍두기 용가리치킨 머스터드 쁘띠첼
1233,달걀밥 크림치즈케이크 오징어무국 골뱅이파채무침 김치볶음 플리또
1234,찹쌀밥 대패고추장불고기 닭개장 베이컨감자채볶음 깍두기 사과
1235,흑미밥 떡국 등갈비김치찜 깍두기 찹쌀쫀도그 케첩 도시락김
1236,찹쌀밥 호빵 돼지갈비김치찌개 호두멸치볶음 오븐구이햄 무말랭이김치
1237,현미찹쌀밥 황태감자달걀국 닭볶음탕 총각김치 워터젤리 마카로니콘치즈구이
1238,흑미밥 꼬막살된장찌개 오향장육 비빔막국수 레몬쌈무 보쌈김치
1239,찹쌀밥 들깨수제비국 메추리알곤약장조림 돈육김치볶음 깍두기 모짜렐라치즈볼
1240,찰보리밥 시금치된장국 쌈장 녹차고추냉이무쌈 파채콩나물무침 돈오븐구이 보쌈김치 파프리카스틱 오이스틱 고추
1241,죽 해물볶음우동 감자으깬샐러드 배추김치 초코칩초코쿠키 따뜻한유자차한컵
1242,훈제오리새우볶음밥 맑은콩나물국 닭봉구이 석박지 바나나우유
1243,곤드레콩나물밥 양념간장 수제피자핫도그 들깨무채국 깍두기 감귤
1244,흑미밥 부대찌개 통곡물뮤즐리멸치볶음 통살새우까스 깍두기 수제짜먹는요구르트
1245,죽 체다크림치즈스틱 케첩 깍두기 오렌지주스 시리얼 
1246,혼합팔곡 해물볶음우동 유부김치국 통등심돈까스 깍두기 상큼한사과주스
1247,삼색소보로덮밥 건새우아욱된장국 소떡소떡꼬치 오이소박이 바람떡 초코에몽
1248,찹쌀밥 새알심만두국 시금치무침 토마토소스돼지갈비찜 배추김치 그릭요거트
1249,찹쌀밥 팽이버섯미소장국 닭장각구이 배추김치 딸기 김구이
1250,흑미밥 차승원표닭곰탕 당면사리 언양식바싹불고기 크링클컷 케첩 석박지 비요뜨쵸코링
1251,찹쌀밥 육개장 동전쥐포볶음 햄달걀말이 석박지 메치니코프
1252,홍국쌀밥 부대찌개 애호박느타리버섯볶음 깍두기 리얼통살생선가스 골드키위
1253,치킨마요덮밥 유부미소된장국 꼬치없는떡꼬치 깍두기 단무지무침 바나나
1254,찹쌀밥 대만샌드위치 떡국 얼갈이나물고추장무침 한우불고기 석박지
1255,단호박카로틴쌀밥 닭카레떡볶음 얼큰굴두부새우젓국 베이컨감자채전 배추김치 딸기 흰색앙금절편
1256,흑미밥 쇠고기육개장 사태떡찜 파프리카잡채 파래김자반 석박지 딸기
1257,삼겹살김치볶음밥 김가루 파인애플불고기피자 팽이버섯미소장국 달걀후라이 동치미 제주감귤주스
1258,오므라이스 지단포함 맑은미역국 탄두리치킨텐더 허니머스터드 석박지 상큼한사과주스
1259,클로렐라쌀밥 맑은아귀탕 치즈불닭 두부소금구이 배추김치 조각파인애플
1260,죽 우리밀찰핫도그 김치볶음 딸기 시리얼 
1261,찰보리밥 대패고추장콩나물불고기 사골우거지된장국 부추잡채 배추김치 에그타르트
1262,mini김가루주먹밥 베트남양지쌀국수 통새우샤오마이 베트남고구마롤 깍두기 헬로엔요미니언즈
1263,찹쌀밥 바지락살근대된장국 푸실리미트볼조림 저염고등어카레구이 배추김치 사과
1264,단호박카로틴쌀밥 매콤어묵쑥갓탕 시금치옥수수알무침 김치치즈함박스테이크 깍두기 감귤
1265,찹쌀밥 새알만두국 연탄오리간장불고기파채 콩나물무침 새송이 통마늘구이 백김치
1266,찹쌀밥 맑은콩나물국 새우젓양념 카레감자햄볶음 족발구이 보쌈김치
1267,강황쌀밥 동태쑥갓탕 봄동겉절이 호두멸치볶음 오꼬노미카츠 배추김치 감
1268,찹쌀밥 설렁탕 면사리 순대야채볶음 진미채간장조림 석박지 메로나보틀우유
1269,찹쌀밥 고구마케이크 아욱수제비국 게맛살달걀찜 오삼불고기 배추김치
1270,차수수밥 생새우살근대콩나물국 한우찹스테이크 스테이크S 브로콜리어묵볶음 석박지 골드파인애플
1271,쇠고기콩나물밥 순두부찌개 눈꽃치즈샐러드 양념닭강정 배추김치 양념장 귤
1272,찹쌀밥 참치김치찌개 오이부추무침 통모짜롤까스 깍두기 딸기
1273,잔치국수 햄치즈샌드위치 모짜렐라핫도그 케첩 배추김치무침 딸기
1274,찹쌀밥 고구마케이크 들깨수제비국 꽃맛살채소볶음 통모짜롤까스 총각김치
1275,발아현미밥 두부김치국 닭볶음탕 브로콜리 초고추장 햄달걀말이 깍두기
1276,쇠고기콩나물밥 던킨도넛 우렁된장찌개 연근땅콩조림 닭장각오븐구이 배추김치
1277,김밥볶음밥 휘낭시에 우동국물 닭다리살꼬치 깍두기 청포도
1278,치킨마요덮밥 팽이버섯미소장국 소떡꼬치 깍두기 식혜 골드파인애플
1279,찹쌀밥 대패고추장불고기 쇠고기당면국 상추겉절이 배추김치 연두부찜 양념장
1280,찹쌀밥 북어감자국 콩나물부추무침 한우불고기 석박지 딸기요거트뚱카롱
1281,납작보리밥 얼큰순대국 아삭이고추쌈장무침 연탄오리불고기 파채 깻잎채 양상추샐러드 오리엔탈D 석박지
1282,찹쌀밥 자장면한그릇 달걀파국 탕수육 배추김치 하트단무지 조각파인애플
1283,찹쌀밥 전복미역국 시금치옥수수알무침 김치볶음 토마토소스등갈비구이 딸기요플레
1284,혼합칠곡 육개장 매콤돼지갈비떡찜 한식잡채 배추겉절이 꿀치즈토마토
1285,흑미밥 돈육김치찌개 부추양파무침 오리훈제구이 머스터드 깍두기 석류 쌈무 찰떡
1286,달걀부추국 단무지쪽파무침 잡채덮밥 육즙가득버섯만두찜 자장소스 유자주스
1287,강황쌀밥 미트소스스파게티 초코케이크 참치김치찌개 봄동겉절이 오꼬노미카츠 석박지
1288,불닭마요덮밥 팽이미소된장국 멸치견과류볶음 배추김치 찹쌀쫀도그 쁘띠첼
1289,죽 동치미 바나나 식빵토스트 딸기쨈 시리얼 
1290,차수수밥 대패고추장숙주불고기 우렁두부냉이된장국 양배추찜 쌈장 고사리들깨볶음 배추김치 감귤
1291,흑미밥 설렁탕 면사리 도토리묵김치무침 순살가자미카레튀김 석박지 바나나맛우유
1292,찹쌀밥 김자반 어묵우동 라이스틱 단무지 오렌지 바나나두유
1293,날치알스팸김치볶음밥 김가루 맑은콩나물국 달걀후라이 닭장각구이 나박김치 딸기요플레
1294,흑미밥 쇠고기미역국 매운돼지갈비찜 감자채햄볶음 보쌈김치 수제후르츠요거트
1295,찹쌀밥 닭카레떡볶음 몽글순두부짬뽕탕 스트링치즈산적 깍두기 불가리스
1296,혼합십곡밥 오징어무국 오이부추달래무침 리코타치즈샐러드 오리엔탈D 수제김치피자탕수육 깍두기
1297,찹쌀밥 닭다리삼계탕 온두부 참치김치볶음 고구마맛탕 석박지 비요뜨쵸코링
1298,찹쌀밥 닭곰탕 진미채엿장조림 오삼불고기 석박지 딸기우유
1299,찰옥수수밥 아욱감자된장국 무말랭이진미채무침 파채상추콩나물무침 돈오븐구이 보쌈김치 거봉포도
1300,햄치즈밥버거 떡국 크링클컷 카사바칩 케첩 깍두기 이상한나라의 솜사탕 엔요
1301,찹쌀밥 건새우근대된장국 부추양파겨자무침 비빔막국수 족발구이 보쌈김치 워터젤리
1302,완두콩밥 검은깨두부 참치김치볶음 무청시래기달래된장국 치커리사과무침 브로콜리어묵볶음 석박지 에그타르트
1303,오므라이스밥 지단 유부미소된장국 꼬치없는떡꼬치 배추김치 회오리감자 우유미숫가루
1304,찹쌀밥 등뼈우거지국 연두부찜 양념장 칼슘고기완자 케첩 배추겉절이 딸기
1305,납작보리밥 유부쫄면무침 소고기청국장찌개 저염고등어카레구이 깍두기 오렌지
1306,흑미밥 쇠고기육개장 등갈비김치찜 두부소금구이 석박지 투게더아이스크림
1307,콩나물밥 양념장 햄치즈샌드위치 달걀부추국 치킨텐더 허니머스터드 배추김치
1308,훈제오리새우볶음밥 수제피자핫도그 맑은미역국 배추김치 유자주스 흰색앙금절편
1309,찹쌀밥 건새우아욱된장국 양념깻잎찜 청포묵김가루무침 순살닭갈비 배추김치
1310,옛날도시락비빔밥 달걀후라이 팽이버섯미소장국 호두멸치볶음 나박김치 모닝퐁우유미숫가루
1311,찰보리밥 해물볶음우동 우리밀마늘빵스틱 브로콜리치즈스프 매콤콩나물무침 고구마치즈돈까스
1312,참치야채비빔밥 우동국물 달걀말이 멘보샤 치폴레마요 배추김치 비피더스명장포도
1313,찹쌀밥 로제크림소스스파게티 김치콩나물국 브로콜리치즈함박스테이크 깍두기 오이피클 오렌지주스
1314,기장쌀밥 소면설렁탕 쌈장 해물김치전 닭다리살꼬치 석박지 파프리카스틱 오이스틱 고추
1315,자율밥김자반 잔치국수 오이무침 크리미어니언수제치킨 배추김치 바나나
1316,찹쌀밥 참치김치찌개 스파게티해물미트볼 매콤감자볶음 와플 생크림딸기 총각김치
1317,차수수밥 생새우살근대콩나물국 세발나물무침 오삼불고기 뮤즐리멸치볶음 배추김치 골드파인애플
1318,클로렐라쌀밥 등뼈감자탕 두부구이돈양념 파프리카잡채 석박지 따뜻한유자차한컵
1319,찹쌀밥 초코파이 북어감자국 날치알달걀찜 돈육김치볶음 무말랭이김치
1320,흑미밥 매콤어묵쑥갓탕 숙주맛살무침 눈꽃치즈샐러드 키위D 치즈불닭 배추김치 블랙사파이어
1321,찹쌀밥 크림카레우동 새우튀김 타코야끼 깍두기 아침에주스
1322,오징어덮밥 김가루포함 쇠고기두부탕국 얼갈이나물고추장무침 응원리얼소시지바 머스터드 배추김치 바나나우유
1323,산채비빔밥 우동국물 한우약고추장 대만식지파이 콘시즈닝 동치미 사과
1324,흑미밥 바지락순두부찌개 오향장육 아삭이고추된장무침 파채콩나물무침 보쌈김치 고추냉이쌈무
1325,찹쌀밥 새알심만두국 돈육메추리알장조림 총각김치 딸기 마카로니콘치즈구이
1326,기장쌀밥 부대찌개 닭봉구이 도토리묵채소무침 꼬들무채장아찌 총각김치 골드파인애플
1327,김밥볶음밥 팽이미소된장국 삶은달걀 순대 떡볶이 단무지 노지귤
1328,찹쌀밥 유부김치국 저염오이지무침 고다치즈코코넛돈가스 우유하트도넛 깍두기
1329,홍국쌀밥 대패고추장콩나물불고기 동태쑥갓탕 도라지오이무침 궁중떡볶이 배추김치 캐플주스
1330,찹쌀밥 치즈케이크 쇠고기미역국 열무된장무침 오리훈제채소볶음 석박지
1331,혼합십삼곡밥 북어채콩나물국 김치닭살볶음 비엔나치즈떡볶음 총각김치 오렌지
1332,찹쌀밥 짬뽕국 퐁듀미트볼 배추김치 꼬물이만두 초간장 딸기
1333,찹쌀밥 몽글순두부들깨탕 한우불고기 사각어묵볶음 깍두기 청포도
1334,차조쌀밥 등뼈김치우거지국 연두부찜 양념장 취나물무침 숙주꿔바로우 깍두기
1335,찹쌀밥 옥수수스프 쫄면야채무침 망고샐러드 딸기D 통등심돈가스 깍두기 짜먹는요구르트
1336,나시고랭볶음밥 우동국물 오징어야채어묵바 골뱅이파채무침 배추김치 바나나
1337,찹쌀밥 김자반 감자샐러드햄치즈샌드위치 겉바속쫄핫도그 케첩 나가사키짬뽕 깍두기 단무지 엔요
1338,찹쌀밥 순대돼지고기국 브로콜리 초장 오징어김치전 석박지 모닝빵 딸기쨈 버터
1339,찹쌀밥 황태감자국 쇠고기메추리알장조림 알감자버터구이 석박지 아침에주스
1340,차수수밥 대패간장불고기 김치콩나물국 깍두기 돌산갓피클 뻥과자 마카로니콘치즈구이
1341,흑미밥 해물볶음우동 쇠고기미역국 탕수육 배추김치 단무지
1342,찹쌀밥 쿠앤크뚱카롱 아욱감자된장국 매콤콩나물무침 김치볶음 수제등갈비구이
1343,찰옥수수밥 몽글순두부짬뽕탕 스모그햄전 순살가자미카레튀김 석박지 포도주스
1344,강황쌀밥 쇠고기무국 연탄오리간장불고기 부추파절이 레몬쌈무 배추김치 수제토마토생과일주스
1345,찹쌀밥 브로콜리치즈스프 단무지무침 고다치즈코코넛돈가스 배추김치 앙버터모닝빵
1346,흑미밥 홍합살미역국 매콤돼지갈비떡찜 애호박느타리버섯볶음 배추김치 메이플피칸파이
1347,죽 소떡소떡꼬치 튼튼햄버거 깍두기 바나나 오라떼
1348,찹쌀밥 쇠고기두부탕국 달걀찜 참치김치볶음 스팸구이 김구이 포도
1349,혼합십삼곡밥 로제크림소스스파게티 아욱수제비국 저염고등어무조림 양상추샐러드 발사믹D 배추김치 골드파인애플
1350,찹쌀밥 부대찌개 감자채볶음 순살닭갈비 배추김치 카프리제토마토샐러드
1351,삼겹살김치볶음밥 김가루 우동국물 달걀후라이 응원리얼소시지바 머스터드 열무김치 딸기요구르트
1352,찹쌀밥 얼큰해물어묵우동 얼갈이겉절이 닭장각구이 깍두기 단무지 사과주스 꿀떡
1353,흑미밥 떡국 파채콩나물무침 한돈오븐구이 레몬쌈무 배추김치 엔요
1354,죽 저염오이지무침 어묵김치볶음 후르츠생크림모닝빵 시리얼 
1355,강황쌀밥 치즈미트볼감자데리야끼조림 시금치콩나물국 양념깻잎지 멸치고추장볶음 배추김치
1356,클로렐라쌀밥 돈육김치찌개 사태떡찜 시금치나물 석박지 요플레과일샐러드
1357,찹쌀밥 떡국 녹차고추냉이무쌈 오이부추무침 돼지훈제바베큐 보쌈김치 딸기요플레
1358,찰보리밥 대패고추장불고기 감자짜글이찌개 숙주맛살무침 열무김치 포도
1359,카레라이스 인절미토스트 유부미소된장국 토마토소스등갈비구이 깍두기 비피더스명장포도
1360,찹쌀밥 동태쑥갓탕 한방한우갈비찜 햄달걀말이 배추김치 윌
1361,홍국쌀밥 해물볶음우동 팽이버섯미소장국 쌈장 통등심돈까스 깍두기 파프리카스틱 오이스틱 고추
1362,찹쌀밥 눈꽃치즈샐러드 오리훈제채소볶음 수제고구마튀김 두부김치국 열무김치 고추냉이쌈무
1363,찹쌀밥 떡국 진미채엿장조림 돈육김치볶음 총각김치 오렌지주스
1364,통밀쌀밥 유부김가루국 오향장육 레몬무쌈 파채상추콩나물무침 보쌈김치 꿀치즈토마토
1365,치킨마요덮밥 반반한핫도그 청양초콩나물국 단무지무침 배추김치 하우스귤
1366,가츠동 우동국물 스트링치즈어묵바 깍두기 불가리스
1367,곤드레콩나물밥 양념간장 건새우근대된장국 양상추샐러드 딸기D 배추김치 뱅글뱅글소시지튀김 사과즙
1368,흑미밥 건새우아욱된장국 매운돼지갈비찜 배추김치 연두부찜 양념장 직접갈은 바나나우유
1369,찹쌀밥 라이스샌드케익 맑은콩나물국 비엔나치즈떡볶음 배추김치
1370,기장쌀밥 부대찌개 돈육검은깨두부조림 과일샐러드 요거트드레싱 달걀말이 열무김치
1371,찹쌀밥 차승원표닭곰탕 당면사리 돈육메추리알장조림 오징어김치전 석박지 사과
1372,찹쌀밥 떠먹는롤케익 해물수제비국 시금치무침 한우불고기 석박지
1373,혼합십곡밥 두부김치국 비빔막국수 깻잎감자탕수육 깍두기 골드파인애플
1374,김주먹밥 우동한그릇 매콤치킨텐더 허니머스터드 단무지 아침에주스
1375,찹쌀밥 오징어무국 석류무쌈 오리훈제 허니머스터드D 치즈감자고로케 배추김치
1376,단호박카로틴쌀밥 순두부연포탕 어묵김치볶음 브로콜리치즈함박스테이크 총각김치 우유미숫가루
1377,자율밥김자반 죽 우리밀마늘빵스틱 토마토스파게티 크링클컷 케첩 배추김치 오이피클 최고야포도C주스
1378,찹쌀밥 초코칩쿠키 들깨수제비국 취나물무침 치즈불닭 석박지
1379,차조쌀밥 등뼈우거지국 날치알달걀찜 찹쌀콩멸치볶음 깍두기 김구이
1380,흑미밥 쇠고기부추영양탕 파프리카잡채 통살새우까스 보쌈김치 비요뜨쿠키앤크림
1381,카레햄채소볶음밥 미니갈릭연유하드롤 열무된장국 떡갈비꼬치 석박지
1382,나시고랭볶음밥 맑은콩나물국 저염오이지무침 크리미어니언수제치킨 깍두기 유자주스
1383,찹쌀밥 짬뽕국 비엔나 치즈떡케첩볶음 순살가자미카레튀김 나박김치 조각파인애플
1384,죽 생크림토스트 동치미 무말랭이김치 시리얼 사과즙
1385,모둠콩밥 대패고추장숙주불고기 황태감자국 리코타치즈샐러드 오리엔탈D 타코야끼 배추김치
1386,기장밥 우렁된장찌개 한돈수육 비빔막국수 아삭이고추된장무침 보쌈김치
1387,찹쌀밥 휘낭시에 육개장 연탄오리불고기 파채 깻잎채 열무된장무침 보쌈김치
1388,팥밥 아욱감자된장국 열무비빔냉면 깍두기 리얼통살생선가스 비피더스명장
1389,삼겹살김치볶음밥 달걀파국 고구마떡맛탕 석박지 닭꼬치 초코에몽
1390,찹쌀밥 참치김치찌개 레몬무쌈 콩나물부추무침 통삼겹구이 무말랭이김치 바나나우유
1391,흑미밥 짬뽕국 안동찜닭 납작당면 시금치무침 배추김치 시나몬파이
1392,찹쌀밥 설렁탕 면사리 브로콜리 초장 오꼬노미야끼 석박지 바람떡 도시락김
1393,찹쌀밥 달걀부추국 국물떡볶이 멸치볶음 분식만두튀김 자장소스
1394,현미찹쌀밥 전주식순대국 아삭이고추쌈장무침 돈육김치볶음 호박깻잎맛살감자전 석박지
1395,참치야채비빔밥 건새우무국 알감자버터구이 배추김치 증편 청포도에이드ml
1396,오므라이스 지단포함 겉바속쫄핫도그 케첩 팽이버섯미소장국 배추김치 딸기요구르트 애플수박
1397,찹쌀밥 한그릇사골떡만두국 오징어야채핫바 단무지무침 깍두기 워터젤리
1398,흑미밥 얼갈이된장국 오이스틱 쌈장 콩나물무침 새송이 통마늘구이 삼겹살소금구이 보쌈김치
1399,찹쌀밥 팝콘 돼지갈비김치찌개 돈육데리야끼구이 양념깻잎지 총각김치
1400,찰보리밥 초코파이 닭개장 비름나물고추장무침 모둠소시지채소볶음 배추김치
1401,찹쌀밥 한그릇얼큰순대국 아삭이고추쌈장무침 수제언양식숯불고기 깍두기 푸릇푸릇샐러드주스
1402,흑미밥 바지락살미역국 매콤부추잡채 돈육고구마강정 배추김치 초코칩트위스트
1403,자장덮밥 달걀파국 브로콜리 초장 언양식바싹불고기 배추김치 딸기
1404,찹쌀밥 황태감자국 등갈비김치찜 짬뽕만두튀김 동치미 애플수박
1405,찰옥수수밥 참치김치찌개 비엔나치즈떡볶음 햄달걀말이 총각김치 골드파인애플
1406,쇠고기콩나물밥 고추장찌개 부추파절이 수제후라이드치킨 총각김치 양념장 꿀떡
1407,찹쌀밥 허니버터하드롤 사골육개장 달걀두부구이 양념장 닭볶음탕 깍두기
1408,치킨마요덮밥 고추송송불고기피자 팽이버섯미소장국 석박지 곡물그대로 사과즙
1409,강황쌀밥 부대찌개 사태떡찜 미나리숙주무침 깍두기 쁘띠첼
1410,찹쌀밥 아욱수제비국 수육 새우젓 보쌈김치 무말랭이무침 머스캣음료 깻잎무쌈
1411,완두콩밥 대패간장불고기 닭개장 비름나물고추장무침 카프레제샐러드 깍두기
1412,흑미밥 등뼈감자탕 참치김치볶음 순살가자미카레튀김 석박지 빅구슬아이스크림
1413,죽 크리미고구마빵 꼬들무채장아찌 짜요짜요 시리얼 
1414,버섯카로틴쌀밥 쇠고기두부탕국 오이부추무침 국물떡볶이 찰순대 짬뽕만두튀김 배추김치 돌산갓피클
1415,흑미밥 오이스틱 쌈장 비빔막국수 돼지족발구이 두부김치국 보쌈김치 고추냉이쌈무
1416,찹쌀밥 맑은콩나물국 한우찹스테이크 스테이크S 시금치무침 석박지 카스테라머핀
1417,기장쌀밥 아욱수제비국 머위들깨볶음 궁중떡갈비 어린잎채소 배추김치 김구이 포도 청포도
1418,삼색소보로덮밥 떡국 치커리사과무침 닭장각오븐구이 깍두기 바나나맛우유
1419,찹쌀밥 동태쑥갓탕 돈육메추리알장조림 단무지무침 김치볶음 우유미숫가루 달달하고팡
1420,통밀쌀밥 건새우근대된장국 양배추찜 쌈장 파채콩나물무침 돈오븐구이 보쌈김치 파프리카스틱 오이스틱 고추
1421,도토리묵국 흑미밥 감자으깬샐러드 순살닭갈비 레몬쌈무 보쌈김치 도시락김
1422,깍두기스팸볶음밥 김가루 달걀부추국 사천자장치킨 동치미 블루베리크림치즈찰떡 청포도
1423,햄참치마요비빔밥 김가루 미소미역된장국 초고추장 매콤허니치킨 배추김치 파인주스
1424,찹쌀밥 돈육김치찌개 부추양파무침 한우불고기 새송이 통마늘구이 나박김치
1425,찹쌀밥 마카니커리소스 매콤어묵쑥갓탕 달걀후라이 멘보샤 요거트 깍두기 삼색컵과일
1426,강황쌀밥 두부김치국 메추리알장조림 오삼불고기 석박지 닭알떡
1427,찹쌀밥 설렁탕 면사리 순대야채볶음 석박지 연두부찜 양념장 바나나
1428,찹쌀밥 쫄면채소무침 떡국 쌈장 족발구이 보쌈김치 프로틴바
1429,산채비빔밥 치즈쌀케이크 팽이버섯미소장국 한우약고추장 달걀후라이 배추김치 골드키위
1430,유부초밥 우동한그릇 해쉬브라운 배추김치 단무지 아침에주스
1431,찹쌀밥 초코파이 감자버섯수제비국 김치닭살볶음 스모그햄전 무말랭이김치
1432,발아현미밥 오징어무국 열무비빔냉면 등심돈카츠 깍두기 망고푸딩
1433,찹쌀밥 새알만두국 월제철취나물무침 감자채볶음 깍두기 명가떡갈비 짜먹는요구르트
1434,찹쌀밥 등뼈우거지국 애호박느타리버섯볶음 나쵸양념치킨 깍두기 패스츄리모닝빵 딸기쩀
1435,홍국쌀밥 부대찌개 과일샐러드 요거트드레싱 미역줄기맛살볶음 치즈불닭 총각김치
1436,찹쌀밥 삼겹살제육볶음 순두부백탕 탕평채 레몬쌈무 보쌈김치
1437,찹쌀밥 닭개장 자장떡볶이 브로콜리치즈함박스테이크 깍두기 제주감귤주스
1438,버섯카로틴쌀밥 쇠고기미역국 오이부추무침 한우불고기 김치볶음 초코타르트
1439,흑미밥 매콤닭곰탕 당면사리 콩나물무침 크런치청파래오징어까스 석박지 비피더스명장포도
1440,찹쌀밥 매콤어묵쑥갓탕 연탄오리불고기 파채상추콩나물무침 배추김치 플리또
1441,차수수밥 유부쫄면무침 떡국 석박지 팡가시우스까스 사과
1442,클로렐라쌀밥 쇠고기미역국 매운돼지갈비떡찜 파프리카잡채 배추김치 포도
1443,죽 칠리핫도그 꼬들무채장아찌 삶은달걀 동치미 불가리스
1444,혼합팔곡 대패고추장숙주불고기 몽글순두부짬뽕탕 시금치옥수수알무침 양상추샐러드 참깨흑임자D 깍두기
1445,찹쌀밥 얼갈이된장국 멸치볶음 김치볶음김가루 계란후라이 스팸구이 깍두기 엔요 라이스틱
1446,찹쌀밥 동태쑥갓탕 골뱅이파채무침 오삼불고기 배추김치 워터젤리
1447,흑미밥 초코칩쿠키 시금치수제비국 고구마줄기들깨볶음 찹쌀콩멸치볶음 토마토소스돼지갈비찜 깍두기
1448,새우살계란볶음밥 팽이미소장국 오이도라지무침 탕수육 깍두기 아이러브요거트드링크
1449,찹쌀밥 맑은콩나물국 양배추찜 쌈장 레몬무쌈 통삼겹구이 보쌈김치 파인주스
1450,기장쌀밥 미트볼펜네조림 몽글순두부들깨탕 양상추샐러드 키위드레싱 오징어김치전 깍두기
1451,찹쌀밥 아이스티라미슈컵케익 순대돼지고기국 파채콩나물무침 햄야채달걀말이 석박지
1452,가츠동 우동국물 치킨소스 어묵바 배추김치 바나나우유
1453,찹쌀밥 김자반 자장면 치즈햄포테이토샌드위치 배추김치 단무지 빅구슬아이스크림
1454,찹쌀밥 짬뽕국 발사믹샐러드 고구마치즈돈까스 배추김치 오이피클
1455,찹쌀밥 황태감자국 열무된장무침 치즈불닭 깍두기 요거톡
1456,차조쌀밥 검정깨두부 참치김치볶음 닭곰탕 순대채소볶음 석박지 꿀치즈토마토
1457,비빔밥 쇠고기무국 토마토소스등갈비구이 계란후라이 배추김치 우리쌀로만든오란다
1458,수제대만샌드위치 죽 꼬들무채장아찌 깍두기 아침에주스 블루베리크림치즈찰떡
1459,찹쌀밥 아이스슈 나가사키짬뽕 취나물무침 양념치킨 배추김치 단무지
1460,찹쌀밥 짬뽕국 달걀장조림 날치알고기완자 케첩 배추김치 우리밀꿀약과
1461,발아현미밥 대패고추장콩나물불고기 쇠고기당면국 애호박느타리버섯볶음 배추김치 비피더스명장
1462,불닭마요덮밥 모듬어묵국 고구마맛탕 배추김치 단무지 헬로엔요미니언즈
1463,햄채소볶음밥 팽이버섯미소장국 나박김치 자장소스 모닝빵 딸기쨈 버터 유자주스
1464,완두콩밥 바나나핫케이크 생크림블루베리 꽃게탕 애호박느타리버섯볶음 수제언양식스테크전 배추김치 양념장
1465,자율밥김자반 생크림카스텔라꽈배기 팽이미소장국 양상추샐러드 키위D 토마토스파게티 깍두기 오이피클 사과주스
1466,제육덮밥 깻잎 콩나물 달걀부추국 소떡꼬치 배추김치 바나나우유 곡물크림치즈롤
1467,미니우동 햄김치참치밥버거 시금치무침 소보로회오리감자튀김 깍두기 단무지 오라떼
1468,강황쌀밥 순두부백탕 매운돼지갈비떡찜 달걀말이 석박지 수박 도시락김
1469,죽 생크림토스트 딸기쨈 꼬들무채장아찌 아침에주스 시리얼 
1470,현미찹쌀밥 맑은콩나물국 달걀두부구이 양념장 과일샐러드 요거트드레싱 치즈불닭 배추김치
1471,찹쌀밥 옥수수스프 크루통 한우안심찹스테이크 골뱅이소면무침 깍두기 한우찹스테이크 조각파인애플
1472,찹쌀밥 마카니커리소스 미소미역된장국 떡갈비꼬치 깍두기 김구이 수제생크림과일샌드
1473,혼합십곡밥 대패간장불고기 매콤로제소스스파게티 우렁두부된장찌개 쌈장 상추 모듬쌈 깍두기 식혜
1474,셀프김밥치즈장 모듬어묵국 구멍떡볶이 배추김치 메로나보틀우유
1475,찹쌀밥 우리밀마늘빵스틱 브로콜리치즈스프 멸치고추장볶음 치즈폭포돈까스 깍두기
1476,기장쌀밥 쇠고기미역국 매콤어묵잡채 토마토소스돼지갈비찜 깍두기 메이플피칸파이
1477,누룽지탕 자장면한그릇 쌀모닝빵 딸기잼 깐쇼새우 배추김치 단무지
1478,찹쌀밥 북어감자국 달걀찜 매콤삼겹살볶음 무말랭이김치 불가리스
1479,홍국쌀밥 건새우근대된장국 안동찜닭 납작당면 비빔채소 얇은피만두 보쌈김치 아이스홍시
1480,하이라이스 청양초콩나물국 오이도라지무침 치즈미트파이 배추김치 짜먹는요구르트
1481,옛날도시락비빔밥 달걀후라이 우동국물 닭다리살꼬치 동치미 비요뜨
1482,미니잔치국수 카레채소볶음밥 라이스틱 배추김치무침 수제레몬에이드 수박
1483,흑미밥 한우청국장찌개 등갈비김치찜 숙주나물무침 두부소금구이 깍두기 서울우유컵아이스크림
1484,죽 미니갈릭연유하드롤 김치볶음 워터젤리 시리얼 
1485,혼합십곡밥 유부김가루국 등뼈시래기찜 오징어사과브로콜리초무침 총각김치 청포도사과주스
1486,참치마요덮밥 건새우아욱된장국 저염오이지무침 배추김치 찹쌀쫀도그 케첩 아이러브요거트드링크
1487,찹쌀밥 들깨수제비국 쇠고기메추리알장조림 매콤감자볶음 보쌈김치 바나나라떼 모닝빵 딸기쨈 버터
1488,차수수밥 얼큰순대국 아삭이고추쌈장무침 케이준치킨샐러드 석박지 우유미숫가루
1489,흑미밥 쇠고기미역국 부추양파무침 오리훈제구이 머스터드 구운채소:버섯 마늘 파프리카 보쌈김치 고추냉이쌈무
1490,찹쌀밥 쇠고기부추영양탕 연탄오리불고기 파채 깻잎채 시금치옥수수알무침 보쌈김치 엔요 모짜렐라치즈볼
1491,기장쌀밥 장각삼계탕 골뱅이무침 소면 새송이버섯들깨볶음 석박지 딸기아이스찰떡
1492,오므라이스밥 지단 유부미소된장국 멕시칸샐러드 톡톡토네이도소시지 깍두기 비피더스명장포도
1493,찹쌀밥 북어채콩나물국 돼지갈비떡찜 햄스크램블드에그 김치볶음 윌
1494,혼합팔곡 부대찌개 돈육검은깨두부조림 메추리알장조림 열무김치 수박
1495,찹쌀밥 설렁탕 면사리 치즈불닭 감자채볶음 석박지 조각파인애플
1496,찹쌀밥 몽글순두부짬뽕탕 한우불고기 애호박느타리버섯볶음 배추김치 비타
1497,치밥 팽이버섯미소장국 머위들깨볶음 깍두기 수제생크림과일샌드 빠삐코
1498,흑미밥 부대찌개 망고샐러드 딸기D 통살새우까스 석박지 스위트돌산갓피클 블루베리우유
1499,죽 고추송송불고기피자 저염오이지무침 시리얼 체리
1500,차조쌀밥 쫄자장면 얼큰아귀탕 통등심돈까스 배추겉절이 양배추샐러드 사우전아일랜드D 포도주스
1501,김가루주먹밥 냉모밀국수 닭장각오븐구이 열무김치 단무지 세종쌀카스텔라경단개
1502,찹쌀밥 김자반 어묵우동 새우튀김 깍두기 단무지 프로틴바 아이러브요거트
1503,찰옥수수밥 아욱수제비국 닭볶음탕 도토리묵김치무침 총각김치 딸기요플레
1504,흑미밥 삼겹살제육볶음 우렁된장찌개 부추파절이 상추 깻잎 쌈장 보쌈김치
1505,찹쌀밥 햄치즈샌드위치 쇠고기당면국 베이컨감자채볶음 비엔나치즈떡볶음 깍두기 플리또
1506,차수수밥 유부볶음우동 쇠고기부추영양탕 김치닭살볶음 총각김치 바나나
1507,오징어덮밥 콩나물 김가루 달걀파국 오이무침 탕수육 깍두기 쿨피스자두
1508,달걀밥 맑은콩나물국 김치볶음 스팸구이 카라멜크로플 메이플시럽 김구이
1509,통밀쌀밥 등뼈우거지국 연두부찜 양념장 망고토마토샐러드 키위D 순살가자미카레튀김 석박지
1510,찹쌀밥 새알만두국 발사믹샐러드 통등심돈가스 소 깍두기 직접갈은 바나나우유
1511,삼색소보로덮밥 겉바속쫄핫도그 케첩 유부김가루국 동치미 곡물크림치즈롤 불가리스
1512,가츠동 국물떡볶이 분식만두튀김 깍두기 골드파인애플 감귤주스
1513,찹쌀밥 참치김치찌개 영양갈비찜 파프리카잡채 보쌈김치 체리
1514,미니갈릭연유하드롤 죽 무말랭이무침 바나나 시리얼 
1515,흑미밥 대패고추장불고기 건새우근대된장국 햄달걀말이 보쌈김치 비타
1516,닭갈비비빔밥 쇠고기무국 소떡소떡꼬치 깍두기 작은마카롱 브로콜리새우살볶음
1517,찹쌀밥 꽃게탕 오리훈제 허니머스터드D 부추양파겨자무침 깍두기 우유미숫가루 달달하고팡
1518,귀리쌀밥 소면설렁탕 쌈장 순대채소볶음 오징어김치전 깍두기 시험뿌셔 파프리카스틱 오이스틱 고추
1519,죽 군대리아 깍두기 회오리감자 포카리스웨트
1520,찹쌀밥 오징어무국 미트볼 메추리알장조림 깍두기 워터젤리
1521,혼합십곡밥 들깨수제비국 연탄오리불고기 파채상추콩나물무침 보쌈김치 김구이 투게더
1522,찹쌀밥 닭장각삼계탕 도토리묵김치무침 동그랑땡전 케첩 석박지 딸기우유
1523,찹쌀밥 초코칩쿠키 사골육개장 돈육검은깨두부조림 햄달걀말이 석박지
1524,강황쌀밥 유부김치국 치커리사과무침 베이컨감자채볶음 치킨까스 불닭까르보나라S 깍두기 워터젤리
1525,새우살계란볶음밥 우동국물 나쵸치킨 열무김치 연두부찜 양념장 스위트조각파인애플
1526,콩나물밥 양념장 프렌치토스트 팽이버섯미소장국 닭봉구이 배추김치 알알이청포도주스
1527,찹쌀밥 김자반 한그릇사골떡만두국 도라지오이무침 깍두기 포도주스 크런키초코스틱 수제또띠아고구마피자
1528,흑미밥 순두부찌개 한돈수육 파채콩나물무침 무말랭이김치 보쌈김치 엔요
1529,생크림토스트 딸기쨈 죽 꼬들무채장아찌 워터젤리 시리얼 
1530,흑미밥 부대찌개 비빔채소 얇은피만두 햄스크램블드에그 석박지 과일주스
1531,현미찹쌀밥 해물볶음우동 쇠고기무국 김치피자탕수육 석박지 앙팡요구르트
1532,찹쌀밥 떡국 새송이버섯들깨볶음 비엔나치즈떡볶음 엔요 소보루몽블랑
1533,강황쌀밥 대패고추장불고기 사골육개장 쌈장 비름나물고추장무침 상추 모듬쌈 깍두기 파인주스
1534,찹쌀밥 미니갈릭연유하드롤 매콤유부주머니쑥갓탕 진미채엿장조림 스팸구이 깍두기 배즙
1535,차수수밥 황태들깨미역국 돼지갈비떡찜 김치단무지어묵잡채 보쌈김치 블루베리크림치즈찰떡
1536,치킨마요덮밥 김치콩나물국 망고샐러드 딸기D 꼬치없는떡꼬치 깍두기 헬로엔요미니언즈
1537,찹쌀밥 삼색옹심이만두국 쇠고기메추리알장조림 콩나물부추무침 깍두기 요거트드링크
1538,혼합팔곡 몽글순두부짬뽕탕 저염고등어무조림 백순대볶음 양념장 석박지 수제자몽에이드
1539,흑미밥 실곤약채소무침 돈육김치찌개 한우불고기 열무김치 짜먹는요구르트
1540,오므라이스 지단포함 팽이버섯미소장국 소떡꼬치 보쌈김치 사과주스
1541,미니김가루주먹밥 열무물냉면 수제자메이카장각구이 열무김치 초코스틱 수박
1542,찹쌀밥 순대돼지고기국 아삭이고추된장무침 코다리강정 석박지 라벨리딸기바
1543,찹쌀밥 김자반 베이컨구이 달걀후라이 보쌈김치 토스트 딸기쨈 시리얼 아이러브요거트
1544,홍국쌀밥 두부김치국 돈육피망잡채 꽃빵 명태전 카프레제샐러드 깍두기 양념장
1545,카레라이스 팽이미소장국 숙주나물무침 배추김치 명가떡갈비 조각파인애플
1546,찹쌀밥 짬뽕국 고추송송불고기피자 돈등심찹스테이크 스테이크S 콩나물부추무침 배추김치
1547,차조쌀밥 호박잎감자된장국 쌈장 수육 새우젓 상추 깻잎 보쌈김치
1548,삼겹살김치볶음밥 알감자버터구이 달걀후라이 깍두기 수박과일화채 허쉬초코포켓팝콘
1549,찹쌀밥 트윙클케익 쇠고기버섯전골 당면사리 오리훈제 허니머스터드D 깍두기 불가리스 깻잎무쌈
1550,통밀쌀밥 유부볶음우동 유부볶음우동 팬케이크 생크림블루베리 맑은콩나물국 스틱돈까스 배추김치
1551,참치야채비빔밥 모듬어묵국 타코야끼 배추김치 바람떡 유기농식혜
1552,어묵우동 햄치즈베이컨샌드위치 깍두기 단무지 바나나 플리또
1553,찰옥수수밥 도토리묵채냉국 울외장아찌무침 베이컨감자채볶음 치즈불닭 석박지 아이스홍시
1554,흑미밥 순두부찌개 쌈장 파채콩나물무침 상추 모듬쌈 오이스틱 한돈소금구이 보쌈김치 포카리스웨트
1555,깍두기스팸볶음밥 김가루 달걀쪽파국 닭봉구이 나박김치 카스테라머핀 플리또
1556,찹쌀밥 김자반 돈코츠라멘 오징어문어핫바 도라지오이무침 단무지무침 석박지 사과드링크
1557,현미찹쌀밥 짬뽕국 청포묵김가루무침 탕수육 배추김치 카프리제토마토샐러드
1558,수제대만샌드위치 요거트모둠견과 시리얼 감귤주스 샤인머스킷
1559,햄채소볶음밥 포테이토핫도그 케첩 로제떡볶이 배추김치 방울토마토 오라떼
1560,후리가께비빔밥 열무물냉면 허니리코타치즈볼 닭장각오븐구이 열무김치 단무지
1561,찹쌀밥 얼큰순대국 아삭이고추쌈장무침 햄달걀말이 석박지 모닝빵 딸기쨈 버터
1562,흑미밥 해물수제비국 돈육메추리알장조림 콩나물잡채 배추김치 수박
1563,찹쌀밥 삼색옹심이만두국 연탄오리불고기 오이부추무침 깍두기 워터젤리
1564,흑미밥 유부쫄면무침 열무된장국 쌈장 오향장육 상추 깻잎 보쌈김치
1565,찹쌀밥 떡국 두부구이돈양념 순살가자미카레튀김 석박지 뽕따
1566,찹쌀밥 햄치즈샌드위치 황태감자국 닭갈비 석박지 김구이
1567,흑미밥 두부김치국 매콤돼지갈비떡찜 햄달걀말이 깍두기 아이스홍시
1568,자장덮밥 달걀파국 대구납작만두 비빔채소 배추김치 단무지 우리밀딸기웨이퍼
1569,제육덮밥 깻잎 콩나물 팽이버섯미소장국 라이스틱 배추김치 곡물크림치즈롤 파인애플푸딩
1570,기장쌀밥 장각삼계탕 아삭이고추쌈장무침 채소튀김 석박지 메로나
1571,흑미밥 블루베리쨈치즈토스트 쇠고기육개장 토마토소스등갈비구이 콩나물무침 석박지
1572,프레즐 죽 김치볶음 골드키위 시리얼 
1573,강황쌀밥 쇠고기부추영양탕 오이부추무침 한우불고기 배추김치 수박
1574,흑미밥 등뼈감자탕 파프리카잡채 비엔나 치즈떡케첩볶음 석박지 쁘띠첼
1575,찹쌀밥 김치콩나물국 사각어묵볶음 스틱돈까스 나박김치 삼색컵과일
1576,버섯카로틴쌀밥 몽글순두부짬뽕탕 새송이버섯들깨볶음 수제언양식스테크전 배추김치 양념장 플리또
1577,자율밥김자반 잔치국수 쌀모닝빵 딸기잼 매콤치킨텐더 허니머스터드 배추김치 바나나
1578,찹쌀밥 쇠고기미역국 진미채엿장조림 김치볶음 스팸구이 메이플피칸파이 사과즙
1579,강황쌀밥 미트소스스파게티 우동국물 오꼬노미카츠 깍두기 모듬채소피클
1580,쇠고기콩나물밥 새알만두국 열무된장나물무침 배추김치 닭꼬치 바나나맛우유
1581,팽이버섯미소장국 달걀후라이 떡갈비꼬치 깍두기 요거톡
1582,흑미밥 대패고추장불고기 해물볶음우동 들깨수제비국 배추김치 엔요
1583,죽 오이무침 크링클컷 소포장케첩 튼튼햄버거 석박지 아침에주스
1584,오징어덮밥 김가루포함 휘낭시에 맑은콩나물국 응원리얼소시지바 머스터드 케첩 배추김치 짜요짜요
1585,포테이토핫도그 케첩 달걀쪽파국 잡채덮밥 깍두기 자장소스 골드파인애플 플리또
1586,찹쌀밥 도토리묵냉국 양파장아찌 새송이 통마늘구이 목살찹스테이크 보쌈김치 목살찹스테이크
1587,죽 쇠고기메추리알장조림 김치볶음 토스트 딸기쨈 시리얼 
1588,햄채소볶음밥 수제피자핫도그 맑은미역국 석박지 비피더스명장 유과
1589,현미찹쌀밥 참치김치찌개 순살안동찜닭 납작당면 저염오이지무침 수제고구마튀김 총각김치
1590,찹쌀밥 쇠고기두부탕국 오리훈제채소볶음 깍두기 김구이 아침에주스
1591,찹쌀밥 부대찌개 달걀찜 석박지 리얼통살생선가스
1592,죽 수제대만샌드위치 무말랭이무침 시리얼 썬업
1593,쥐눈이콩밥 쇠고기버섯전골 당면사리 삼색묵김무침 김치치즈함박스테이크 깍두기 포도주스
1594,실곤약채소무침 참치마요김치치즈햄밥버거 떡국 깍두기 회오리감자
1595,찹쌀밥 닭살카레떡볶음 쇠고기미역국 매콤감자볶음 보쌈김치 요거트드링크
1596,흑미밥 매콤어묵쑥갓탕 매콤로제소스찜닭 넙적당면 모둠부각 총각김치 수박
1597,찹쌀밥 설렁탕 면사리 오이도라지무침 깐쇼새우 석박지 수제토마토생과일주스
1598,찹쌀밥 우리밀마늘빵스틱 참치김치찌개 황도파인샐러드 키위D 고구마치즈돈까스 깍두기 모듬채소피클
1599,홍국쌀밥 대패간장불고기 삼색옹심이만두국 상추 모듬쌈 깍두기 우유미숫가루
1600,흑미밥 부대찌개 도토리묵김치무침 크리미어니언수제치킨 열무김치 도시락김
1601,찹쌀밥 누룽지탕 열무된장무침 한우불고기 깍두기 모짜렐라치즈볼 사과즙
1602,강황쌀밥 매콤로제소스스파게티 호박잎감자된장국 두부구이 양념장 꽈리고추멸치볶음 김치볶음 식물성액티비아
1603,찹쌀밥 고추장찌개 삼겹살사태수육 파채콩나물무침 상추 깻잎 쌈장 보쌈김치 갓김치
1604,가츠동 맑은콩나물국 저염오이지무침 배추김치 생크림오믈렛 삼색컵과일
1605,날치알스팸김치볶음밥 김가루 미니우동 셀프치킨또띠아 나박김치 미니다크초코바
1606,현미찹쌀밥 맑은순살아귀탕 매운돼지갈비떡찜 감자채볶음 배추김치 요거트시리얼한컵
1607,죽 초코칩쿠키 파운드케이크 김치볶음 무말랭이무침 아침에주스
1608,차조쌀밥 맑은미역국 오리훈제채소볶음 저염고등어카레구이 배추김치 수박
1609,찹쌀밥 모듬어묵국 순대 쫄면야채무침 구멍떡볶이 배추김치 단무지 엔요
1610,찹쌀밥 대패고추장불고기 오징어무국 석박지 단팥빵 유자주스
1611,기장쌀밥 팽이버섯미소장국 콩나물부추무침 양상추샐러드 오리엔탈D 치즈블럭돈가츠 배추김치 초코칩트위스트
1612,찹쌀밥 얼큰닭곰탕 멕시칸샐러드 언양식바싹불고기 석박지 조각파인애플
1613,찹쌀밥 들깨수제비국 어묵김치볶음 날치알고기완자 케첩 카라멜크로플 메이플시럽 감귤주스
1614,통밀쌀밥 황태채콩나물국 등뼈시래기찜 오이부추무침 부추잡채 석박지 파인애플푸딩
1615,하이라이스 돈가스샐러드 두부김치국 깍두기 요플레 전통감자부각
1616,찹쌀밥 쇠고기두부탕국 비엔나치즈떡볶음 달걀후라이 배추김치 김구이 윌
1617,쥐눈이콩밥 미트볼펜네조림 몽글순두부짬뽕탕 새송이버섯들깨볶음 와플생크림 배추김치
1618,흑미밥 건새우무국 순살닭갈비 레몬쌈무 보쌈김치 간장비빔국수
